12868,COCOA BEACH CAPE KENNEDY AFS,FL,-80.56667,28.48333,10
13884,CRESTVIEW BOB SIKES AP,FL,-86.5225,30.77972,190
12820,DUNNELLON AP,FL,-82.38333,29.06667,65
12894,FORT MYERS SW FLORIDA REGIONAL AP,FL,-81.755,26.53611,31
12826,HOMESTEAD AFB,FL,-80.38333,25.48333,5
84095,HOMESTEAD GEN AVIATION AP,FL,-80.55,25.5011,9
92802,TAMPA BAY EXEC AP,FL,-82.62583,28.18778,41
12861,OCALA JIM TAYLOR FIELD,FL,-82.23333,29.16667,87
3855,PENSACOLA FOREST SHERMAN NAS,FL,-87.31667,30.35,28
12886,TITUSVILLE NASA SHUTTLE LANDING FACILITY,FL,-80.68333,28.61667,10
12898,TITUSVILLE SPACE CENTER EXEC AP,FL,-80.8,28.51667,35
12843,VERO BEACH INTL AP,FL,-80.4199,27.651,28
12802,FORT MYERS BUCKINGHAM AAF,FL,-81.7,26.63333,
12811,FORT MYERS PAGE FIELD AAF,FL,-81.86667,26.58333,
12831,ASTOR PARK AAF,FL,-81.71667,29.1,
93828,PENSACOLA CORRY FLD NAAS,FL,-87.28333,30.4,
93829,PENSACOLA CHEVALIER FLD NAS,FL,-87.26667,30.35,
93827,PENSACOLA BRONSON FIELD NAAS,FL,-87.41667,30.38333,
3840,PENSACOLA ELLYSON FLD NAAS,FL,-87.2,30.53333,
13808,TALLAHASSEE DALE MABRY AAF,FL,-84.33333,30.43333,
80228,ARCADIA,FL,-81.8742,27.21785,25
80478,BARTOW 1SE,FL,-81.83251,27.88608,111
80611,BELLE GLADE,FL,-80.67111,26.69278,20
82220,DE FUNIAK SPRINGS 1 E,FL,-86.09389,30.72444,245
82915,FEDERAL POINT,FL,-81.5389,29.755,5
82944,FERNANDINA BEACH,FL,-81.4525,30.6669,49
83163,FORT LAUDERDALE,FL,-80.2011,26.1019,16
83207,FORT PIERCE,FL,-80.3508,27.4419,25
84091,HOMESTEAD EXP STN,FL,-80.5,25.5,11
87020,PERRINE 4W,FL,-80.4361,25.5819,10
84289,INVERNESS 3 SE,FL,-82.3126,28.8029,40
84731,LAKE CITY 2 E,FL,-82.5941,30.1852,195
85275,MADISON,FL,-83.4021,30.4653,120
86414,OCALA,FL,-82.0777,29.1638,75
87851,SAINT LEO,FL,-82.26,28.3378,190
88754,TALLAHASSEE,FL,-84.28333,30.43333,192
88824,TARPON SPGS SEWAGE PL,FL,-82.7538,28.1522,8
82850,EVERGLADES,FL,-81.3896,25.8489,5
X89,FORT MYERS BEACH CG,FL,-81.95,26.45,
83180,FORT MYERS BEACH 2,FL,-81.93333,26.45,7
12858,KEY WEST,FL,-81.8,24.56667,26
93859,PENSACOLA WB CITY,FL,-87.21667,30.41667,52
12874,TITUSVILLE,FL,-80.817,28.6243,16
88597,STOCK ISLAND,FL,-81.73333,24.58333,10
12891,DRY TORTUGAS LIGHT STN,FL,-82.91667,24.63333,
82418,DRY TORTUGAS,FL,-82.87362,24.62787,10
DTF,DRY TORTUGAS,FL,-82.91667,24.63333,
80747,BIG PINE KEY,FL,-81.38333,24.71667,10
88630,SUGARLOAF KEY,FL,-81.56667,24.65,10
85348,MARATHON RADIO WFFG,FL,-81.11667,24.7,8
85351,MARATHON SHORES,FL,-81.05,24.73333,10
X88,MARATHON STN,FL,-81.11667,24.71667,
12896,MARATHON AP,FL,-81.05167,24.72583,8
85130,LONG KEY,FL,-80.81667,24.81667,3
81958,CRAIG,FL,-80.76667,24.83333,10
85035,LIGNUMVITAE KEY,FL,-80.7,24.9,10
84324,ISLAMORADA 2 SW,FL,-80.66667,24.9,10
X84,ISLAMORADA STN,FL,-80.58333,24.95,
87200,PLANTATION KEY,FL,-80.55,24.96667,7
88841,TAVERNIER,FL,-80.5211,25.0069,5
2HY,FLAMINGO,FL,-80.93333,25.13333,
83013,FLAMINGO,FL,-80.91667,25.15,39
81832,COOT BAY RANGER STN,FL,-80.9,25.18333,
83020,FLAMINGO RANGER STA,FL,-80.9144,25.1422,3
12848,DINNER KEY NAF,FL,-80.23333,25.73333,
87760,ROYAL PALM RANGER STA,FL,-80.5936,25.3866,7
X86,FOWEY ROCKS MIAMI,FL,-80.1,25.58333,
12853,RICHMOND NAS,FL,-80.41667,25.61667,
85678,MIAMI 12 SSW,FL,-80.3,25.65,10
84518,KENDALL 2 E,FL,-80.28333,25.68333,20
12888,MIAMI KENDALL TAMIAMI EXEC AP,FL,-80.43306,25.6475,10
85653,MIAMI BAYFRONT PARK,FL,-80.18333,25.78333,10
X87,BASE MIAMI BEACH,FL,-80.13333,25.76667,
12829,MIAMI,FL,-80.28333,25.78333,
88396,SOUTH MIAMI 5 W,FL,-80.35,25.7,79
88775,TAMIAMI CANAL,FL,-80.45,25.76667,10
89010,TRAIL GLADE RANGES,FL,-80.4775,25.7647,13
88780,TAMIAMI TRAIL 40 MI. BEND,FL,-80.8241,25.7608,15
12839,MIAMI INTERNATIONAL AP,FL,-80.3169,25.7881,29
83909,HIALEAH,FL,-80.2858,25.8175,12
85660,MIAMI BEACH 2,FL,-80.13333,25.88333,10
12852,MIAMI MCAS,FL,-80.28333,25.91667,
86406,OASIS RANGER STATION,FL,-81.033,25.8604,8
86312,NORTH MIAMI BEACH,FL,-80.16667,25.93333,
86315,NORTH MIAMI BEACH #2,FL,-80.2158,25.95,10
86983,PENNSUCO,FL,-80.41667,25.91667,10
86988,PENNSUCO 5 WNW,FL,-80.45389,25.92972,10
12880,DELTA SEVEN,FL,-81.71667,25.9,
86465,OJUS,FL,-80.15,25.95,10
84050,HOLLYWOOD,FL,-80.1341,26.0281,9
92809,HOLLYWOOD NORTH PERRY AP,FL,-80.24111,25.99889,9
12849,FORT LAUDERDALE INTERNATIONAL AIRPORT,FL,-80.16217,26.07875,11
83171,FORT LAUDERDALE EXPERIMENT STN,FL,-80.25,26.08333,10
82114,DANIA 4 WNW,FL,-80.2,26.06667,10
83167,FORT LAUDERDALE WWIL,FL,-80.23333,26.08333,10
82140,DAVIE,FL,-80.21667,26.05,10
83168,FORT LAUDERDALE BEACH,FL,-80.1061,26.1408,4
86078,NAPLES,FL,-81.6843,26.1653,40
83173,FORT LAUDERDALE WFTL,FL,-80.11667,26.16667,10
12830,NAPLES AAF,FL,-81.76667,26.15,
12897,NAPLES MUNICIPAL AIRPORT,FL,-81.7752,26.155,9
85719,MILES CITY TOWER,FL,-81.35,26.18333,151
12885,FORT LAUDERDALE EXECUTIVE AP,FL,-80.17083,26.19694,14
87256,POMPANO BEACH WLOD,FL,-80.16667,26.23333,10
87254,POMPANO BEACH,FL,-80.14056,26.23333,15
X42,NAPLES GOLDEN GATE AP,FL,-81.7,26.2,12
92805,POMPANO BEACH AIRPARK,FL,-80.10833,26.25,21
88671,SUNNILAND,FL,-81.35,26.26667,10
86323,NORTH NEW RVR CANAL 2,FL,-80.5373,26.3354,16
80739,BIG CYPRESS INDIAN RESERVATION,FL,-81,26.31667,16
80887,BONITA SPRINGS 2 MI ESE,FL,-81.75,26.33333,10
12803,BOCA RATON AIRPORT,FL,-80.1075,26.37833,13
80845,BOCA RATON,FL,-80.1107,26.3676,30
84866,LAKE TRAFFORD,FL,-81.48333,26.43333,30
84210,IMMOKALEE,FL,-81.44056,26.46222,35
87403,PUNTA RASSA,FL,-82.01667,26.48333,
80928,BOYNTON BEACH,FL,-80.06667,26.53333,
82923,FELDA,FL,-81.43333,26.53333,39
81310,CAPTIVA,FL,-82.18333,26.53333,
84198,HYPOLUXO,FL,-80.05,26.55,10
86318,NORTH NEW RIVER CANAL 1,FL,-80.75,26.56667,20
82298,DEVILS GARDEN,FL,-81.08998,26.66388,26
83181,FORT MYERS WATER PLANT,FL,-81.85,26.61667,
12844,WEST PALM BEACH INTERNATIONAL AP,FL,-80.0994,26.6847,19
12870,BELLE GLADE,FL,-80.65,26.65,
85182,LOXAHATCHEE,FL,-80.26667,26.68333,14
12865,PALM BEACH AFB,FL,-80.05,26.71667,
89521,WEST PALM BEACH RADIO WJN,FL,-80.05,26.73333,8
89520,WEST PALM BEACH,FL,-80.05,26.71667,20
80616,BELLE GLADE HRCN GT 4,FL,-80.71667,26.7,31
X81,LAKE WORTH RIVIERA,FL,-80.05,26.76667,
81654,CLEWISTON,FL,-80.94,26.74222,20
86657,ORTONA LOCK 2,FL,-81.3044,26.7897,20
KQZG,SARASOTA RANGE GWC,FL,-83.75,26.75,
84667,LA BELLE 2 NW,FL,-81.45,26.76667,16
85895,MOORE HAVEN LOCK 1,FL,-81.0872,26.84,35
85892,MOORE HAVEN,FL,-81.1,26.83333,
81276,CANAL POINT USDA,FL,-80.6256,26.8639,30
81271,CANAL POINT GATE 5,FL,-80.63333,26.86667,39
12812,PUNTA GORDA CHARLOTTE COUNTY AP,FL,-81.99139,26.91722,25
87395,PUNTA GORDA,FL,-82.05,26.93333,10
87397,PUNTA GORDA 4 ESE,FL,-81.99682,26.91463,20
12893,JUPITER,FL,-80.11667,26.95,
87293,PORT MAYACA S L CANAL,FL,-80.61667,26.98333,39
X80,JUPITER INLET LORAN,FL,-80.11667,27.03333,
84262,INDIANTOWN,FL,-80.46667,27.01667,30
89184,VENUS,FL,-81.3509,27.1819,140
87859,ST LUCIE NEW LOCK 1,FL,-80.28333,27.11667,21
12825,VENICE AAF,FL,-82.43333,27.08333,
X90,VENICE LORAN,FL,-82.45,27.08333,
89176,VENICE,FL,-82.4364,27.1006,8
88146,SEWALLS POINT,FL,-80.2,27.18333,20
80236,ARCHBOLD BIO STATION,FL,-81.3508,27.1819,140
12869,ARCADIA,FL,-81.76667,27.18333,
88627,STUART 2,FL,-80.25,27.2,
86485,OKEECHOBEE,FL,-80.86528,27.15083,18
86480,OKEECHOBEE 9 W,FL,-80.96667,27.23333,20
86065,MYAKKA RIVER ST PK,FL,-82.3161,27.2417,20
88620,STUART,FL,-80.2397,27.1897,13
84845,LAKE PLACID 2 SW,FL,-81.38333,27.28333,89
87318,PORT ST LUCIE,FL,-80.33333,27.33333,79
88024,SARASOTA 5 E,FL,-82.46667,27.33333,30
88021,SARASOTA,FL,-82.53333,27.35,30
80488,BASINGER,FL,-81.03333,27.38333,39
82288,DESOTO CITY 8 SW,FL,-81.5136,27.3697,85
12814,SARASOTA AAF,FL,-82.55,27.38333,
83209,FT PIERCE ARC,FL,-80.4053,27.4272,20
81869,CORNWELL 4 NW,FL,-81.16667,27.4,39
86539,ONA RANGE CATTLE EXP STN,FL,-81.93333,27.4,89
12838,MELBOURNE INTERNATIONAL AIRPORT,FL,-80.6439,28.1011,27
12871,SARASOTA BRADENTON AP,FL,-82.55861,27.40139,28
85124,LONGBOAT KEY,FL,-82.65,27.41667,10
12805,HENDRICKS AAF,FL,-81.36667,27.46667,
80945,BRADENTON 5 ESE,FL,-82.5014,27.4467,20
80940,BRADENTON EXPERIMENT STN,FL,-82.55,27.48333,10
X82,FORT PIERCE LIGHT BOAT STN,FL,-80.3,27.46667,
88086,SEBRING,FL,-81.45,27.51667,141
88087,SEBRING 3 WNW,FL,-81.48333,27.5,112
83137,FORT DRUM,FL,-80.76944,27.51389,49
12875,WAUCHULA 2 N,FL,-81.81667,27.56667,131
83153,FT GREEN 12 WSW,FL,-82.1393,27.57264,112
86880,PARRISH,FL,-82.3476,27.609,60
89401,WAUCHULA,FL,-81.7994,27.5477,60
89219,VERO BEACH  4SE,FL,-80.403,27.6527,20
80374,AVON PARK 1 NW,FL,-81.5,27.6,151
80369,AVON PARK 2 W,FL,-81.5266,27.5947,154
X91,ST PETERSBURG EGMONT,FL,-82.76667,27.6,
89211,VERO BEACH 2,FL,-80.36667,27.66667,10
12855,VERO BEACH NAS,FL,-80.41667,27.65,
12804,AVON PARK GUNNERY RANGE,FL,-81.33333,27.65,
82936,FELLSMERE 7 SSW,FL,-80.65,27.68333,20
83175,FORT MEADE,FL,-81.81667,27.73333,
88782,TAMPA BAY AREA WFO,FL,-82.40092,27.70532,40
89021,TREASURE ISLAND,FL,-82.76667,27.76667,10
87886,ST PETERSBURG,FL,-82.6262,27.7629,8
84636,KISSIMMEE RIVER,FL,-81.18333,27.8,48
84242,INDIAN LAKE ESTATES,FL,-81.33333,27.8,100
80390,BABSON PARK 1 ENE,FL,-81.51667,27.85,125
87135,PINELLAS PARK,FL,-82.75,27.83333,20
85082,LITHIA 4 WNW,FL,-82.2,27.86667,80
12810,MACDILL AFB,FL,-82.51667,27.85,14
86251,NITTAW 1 S,FL,-81,27.93333,69
85973,MOUNTAIN LAKE,FL,-81.5993,27.9378,125
88391,SOUTH MELBOURNE BEACH,FL,-80.51667,27.98333,10
12881,VALKARIA,FL,-80.56667,27.95,
12809,BARTOW MUNICIPAL AP,FL,-81.78333,27.95,125
12808,LAKELAND,FL,-82.01667,28,
12806,TAMPA DREW FIELD AAF,FL,-82.51667,27.98333,
12842,TAMPA INTL AP,FL,-82.5403,27.96194,19
89707,WINTER HAVEN,FL,-81.7331,28.0153,145
87205,PLANT CITY,FL,-82.1422,28.0236,120
84075,HOLOPAW 6 SE,FL,-81.05,28.05,69
83713,HAINES CITY 4 S,FL,-81.61667,28.08333,
88783,TAMPA FOWLER AVE,FL,-82.36667,28.05,39
80520,BAY LAKE,FL,-82.5,28.06667,49
12837,LAKELAND,FL,-81.91667,28.08333,
12851,MELBOURNE NAS,FL,-80.63333,28.1,
85607,MELBOURNE 10 WNW,FL,-80.75,28.11667,
82200,DEER PARK,FL,-80.9,28.1,49
88967,TOHOPEKALIGA CYP CANAL,FL,-81.33333,28.13333,59
83718,HAINES CITY 2 W,FL,-81.65,28.1,
84712,LAKE ALFRED 3 NNE,FL,-81.71667,28.13333,
84707,LAKE ALFRED EXP STN,FL,-81.71444,28.10417,138
82137,DAVENPORT,FL,-81.6,28.15,161
83986,HILLSBOROUGH RVR ST PARK,FL,-82.2276,28.1469,53
12867,COCOA BEACH PATRICK AFB,FL,-80.6,28.23333,8
12845,COCOA BEACH BANANA RIVER NAS,FL,-80.6,28.25,
12813,KISSIMMEE AAF,FL,-81.41667,28.28333,
84625,KISSIMMEE 2,FL,-81.424,28.2763,60
84632,KISSIMMEE CITY HALL,FL,-81.4,28.3,69
85643,MERRITT ISLAND,FL,-80.7,28.35,30
83840,HART LAKE,FL,-81.18333,28.38333,59
82834,EVA,FL,-81.83333,28.35,121
84150,HUDSON,FL,-82.71667,28.36667,49
12815,ORLANDO INTL AP,FL,-81.325,28.4339,90
84332,ISLEWORTH,FL,-81.53333,28.48333,115
81641,CLERMONT 9 S,FL,-81.7234,28.4558,130
89030,TRILBY 4 NE,FL,-82.15,28.48333,69
12818,BROOKSVILLE HERNANDO COUNTY AP,FL,-82.45444,28.47361,77
81048,BROOKSVILLE 7 SSW,FL,-82.4353,28.4811,67
84771,LAKE HIAWASSEE,FL,-81.46667,28.53333,121
89430,WEEKI WACHEE,FL,-82.5756,28.5175,20
80758,BITHLO,FL,-81.11667,28.55,65
86633,ORLANDO WATER PLANT,FL,-81.35,28.55,112
12841,ORLANDO EXECUTIVE AP,FL,-81.33306,28.54528,108
12824,ORLANDO AAF,FL,-81.33333,28.55,
81639,CLERMONT CITRUS TOWER,FL,-81.73333,28.56667,322
80535,BAYPORT,FL,-82.63333,28.55,49
81991,CROOM,FL,-82.21667,28.6,39
81051,BROOKSVILLE NURSY 1,FL,-82.31667,28.63333,200
81056,BROOKSVILLE 2,FL,-82.33333,28.63333,200
81046,BROOKSVILLE CHIN HILL,FL,-82.3658,28.6164,240
12828,BUSHNELL AAF,FL,-82.08333,28.68333,
81163,BUSHNELL 1 E,FL,-82.0895,28.6664,75
12838,MELBOURNE WFO,FL,-80.654,28.1136,35
12854,ORLANDO SANFORD AP,FL,-81.24361,28.77972,55
87982,SANFORD,FL,-81.2778,28.8147,12
12819,LEESBURG MUNICIPAL AP,FL,-81.80972,28.82083,77
84987,LEESBURG 3,FL,-81.86667,28.81667,79
84980,LEESBURG,FL,-81.86667,28.81667,69
82827,EUSTIS 2 S,FL,-81.68333,28.85,69
85076,LISBON,FL,-81.7844,28.8728,68
86584,ORANGE CITY,FL,-81.3,28.93333,52
84030,HOLDER 5 ENE,FL,-82.35,28.98333,39
87500,RED LEVEL,FL,-82.7,28.96667,10
82229,DELAND 1 SSE,FL,-81.29804,29.00982,25
84273,INGLIS 3 E,FL,-82.61566,29.02475,30
87259,PONCE DE LEON,FL,-80.91667,29.06667,9
86210,NEW SMYRNA BEACH,FL,-80.95,29.05,10
12847,DELAND NAS,FL,-81.41667,29.08333,
80070,ALEXANDER SPRINGS 3 SE,FL,-81.55,29.05,69
12862,DUNNELLON,FL,-82.38333,29.06667,
81432,CEDAR KEY 1 WSW,FL,-83.05,29.13333,10
81437,CEDAR KEY #2,FL,-83.03333,29.13333,10
12834,DAYTONA BEACH INTL AP,FL,-81.0483,29.1828,31
12846,DAYTONA BEACH NAS,FL,-81.06667,29.18333,
85237,LYNNE,FL,-81.9306,29.2003,85
86417,OCALA RADIO WTMC,FL,-82.13333,29.18333,102
82150,DAYTONA BEACH,FL,-81.0084,29.1966,29
82147,DAYTONA BEACH ARC,FL,-81.01667,29.23333,49
82514,DAYTONA BEACH PENINSULA,FL,-81.01667,29.23333,20
88715,SUWANNEE,FL,-83.15,29.33333,7
12823,MONTBROOK AAF,FL,-82.46667,29.35,
81978,CRESCENT CITY,FL,-81.5161,29.425,53
89120,USHER TOWER,FL,-82.8186,29.4083,33
84327,ISLAND GROVE,FL,-82.1,29.45,69
86620,ORANGE SPRINGS 1 E,FL,-81.91667,29.5,30
81307,CAPE ST GEORGE LIGHT HOUSE,FL,-85.03333,29.58333,
83321,GAINESVILLE 3 WSW,FL,-82.36667,29.63333,96
12822,CROSS CITY AAF,FL,-83.11667,29.63333,
12833,CROSS CITY AP,FL,-83.10528,29.63333,38
82006,CROSS CITY,FL,-83.13333,29.63333,39
12889,PINECASTLE NF,FL,-81.63278,29.14306,92
85391,MARINELAND,FL,-81.215,29.67,5
86753,PALATKA,FL,-81.66056,29.64389,70
83316,GAINESVILLE UNIVERSITY OF FLORIDA,FL,-82.35,29.65,171
83313,GAINESVILLE,FL,-82.35,29.66667,131
82008,CROSS CITY 1 E,FL,-83.1053,29.6333,42
88560,STEINHATCHEE,FL,-83.38333,29.68333,11
88565,STEINHATCHEE 6 ENE,FL,-83.30611,29.72361,35
12879,CAPE SAN BLAS SITE D 3,FL,-85.35,29.68333,
1J4,CAPE SAN BLAS LORAN,FL,-85.36667,29.68333,
83874,HASTINGS 4NE,FL,-81.4697,29.7652,10
85622,MELROSE,FL,-82.05,29.71667,145
12816,GAINESVILLE REGIONAL AP,FL,-82.2755,29.6919,123
87820,ST AUGUSTINE BEACH,FL,-81.26667,29.83333,10
83852,HASTINGS,FL,-81.58333,29.8,10
12817,KEYSTONE HEIGHTS AAF,FL,-82.06667,29.83333,
83956,HIGH SPRINGS,FL,-82.5972,29.8286,65
87313,PORT ST JOE,FL,-85.3,29.8,10
87812,ST AUGUSTINE,FL,-81.33333,29.88333,20
80025,ADAMS BEACH,FL,-83.63333,29.88333,
81361,CARRABELLE TOWER,FL,-84.63333,29.86667,36
81356,CARRABELLE 1 NNW,FL,-84.66667,29.86667,10
87826,ST AUGUSTINE LIGHTHOUSE,FL,-81.2883,29.8858,12
88529,STARKE,FL,-82.1163,29.9381,150
83763,HAMPTON SPRINGS,FL,-83.65,29.93333,26
81218,CAMP BLANDING,FL,-81.98333,29.98333,190
80975,BRANFORD,FL,-82.9108,29.9625,30
88704,SURF,FL,-84.41667,29.98333,10
83599,GREEN COVE SPRINGS,FL,-81.7,30,
86828,PANACEA 1 S,FL,-84.485,29.99889,6
3869,EGLIN RNG #52,FL,-86,30,
87440,RAIFORD STATE PRISON,FL,-82.1928,30.0678,120
85539,MAYO,FL,-83.1819,30.1063,65
87025,PERRY,FL,-83.57417,30.09861,45
87950,SANBORN TOWER,FL,-84.6,30.06667,39
13846,TYNDALL AFB,FL,-85.58333,30.06667,17
87867,ST MARKS 5 SSE,FL,-84.16667,30.1,10
89566,WEWAHITCHKA,FL,-85.2041,30.1191,42
86846,PANAMA CITY ANDREWS SP,FL,-85.73333,30.13333,13
93838,LAKE CITY NAS,FL,-82.56667,30.18333,
86841,PANAMA CITY 2,FL,-85.7,30.16667,15
86836,PANAMA CITY,FL,-85.7,30.16667,10
93837,JACKSONVILLE NAS,FL,-81.66667,30.23333,20
93832,JACKSONVILLE CECIL FIELD NAS,FL,-81.88333,30.21667,83
88094,SECOTAN,FL,-83.65,30.2,49
88290,SMITH CREEK,FL,-84.66667,30.2,60
86842,PANAMA CITY 5N,FL,-85.6605,30.2491,5
3882,PANAMA CITY BAY COUNTY AP,FL,-85.68278,30.21194,21
84366,JACKSONVILLE BEACH,FL,-81.3927,30.2875,10
84368,JACKSONVILLE BEACH EL VERDE YCT,FL,-81.41667,30.28333,
83470,GLEN ST MARY 1 W,FL,-82.1856,30.2717,128
85099,LIVE OAK,FL,-82.965,30.2889,120
82391,DOWLING PARK 1 W,FL,-83.2594,30.2497,54
53860,JACKSONVILLE CRAIG MUNICIPAL AP,FL,-81.5147,30.3361,41
93852,JACKSONVILLE,FL,-81.65,30.33333,
88720,SUWANNEE VALLEY EXPERIMENT STN,FL,-82.9,30.3025,163
88074,SEAGROVE BEACH,FL,-86.13333,30.31667,30
86995,PENSACOLA BEACH,FL,-87.13333,30.33333,10
1J5,SANTA ROSA GULF BREEZE,FL,-87.25,30.31667,
63865,ST JOHNS LIGHTSHIP,FL,-81.3,30.4,
3853,MAYPORT PILOT STN,FL,-81.41667,30.4,16
84892,LAMONT 6 WNW,FL,-83.91667,30.41667,210
81020,BRISTOL,FL,-84.98611,30.41805,160
80801,BLOUNTSTOWN 2 SE,FL,-85.0308,30.4244,27
3824,BLOUNTSTOWN,FL,-85.03333,30.46667,
83230,FOUNTAIN 3 SSE,FL,-85.41667,30.43333,140
83224,FORT WALTON BEACH,FL,-86.63333,30.41667,23
83222,FORT WALTON BEACH,FL,-86.6,30.43333,20
3861,SANTA ROSA SITE A-11,FL,-86.71667,30.4,
3852,VALPARAISO HURLBURT FIELD,FL,-86.68333,30.41667,38
3876,VALPARAISO,FL,-86.93333,30.43333,
3815,PENSACOLA SAUFLEY NAS,FL,-87.35,30.48333,
84394,JASPER,FL,-82.9447,30.5228,147
13890,JASPER,FL,-82.93333,30.48333,
80804,BLOUNTSTOWN 2 SE,FL,-85.05,30.45,60
13858,VALPARAISO EGLIN AFB,FL,-86.51667,30.48333,87
83366,GARNIERS (NEAR),FL,-86.6,30.46667,18
3862,EGLIN SITE A-15 MOBI,FL,-86.8,30.48333,
81896,COTTAGE HILL,FL,-87.33333,30.45,131
84393,JASPER 5 WNW,FL,-83.01667,30.53333,151
85879,MONTICELLO  5 SE,FL,-83.78333,30.49222,98
86240,NICEVILLE,FL,-86.4928,30.5316,60
87424,QUINCY EXPERIMENT STN,FL,-84.58333,30.58333,249
3863,EGLIN RANGE 70 MOBIL,FL,-86.65,30.58333,
3864,EGLIN RANGE 75,FL,-86.75,30.55,
87429,QUINCY 3 SSW,FL,-84.58361,30.54972,245
81775,COMPASS LAKE,FL,-85.4,30.6,210
89415,WAUSAU,FL,-85.5976,30.6323,150
89206,VERNON,FL,-85.71667,30.61667,49
3845,EGLIN AUX F6,FL,-86.73333,30.61667,
85798,MILTON,FL,-87.03333,30.61667,
81299,CANTONMENT,FL,-87.31667,30.6,151
88767,TALL TIMBERS RESEARCH STN,FL,-84.21667,30.65,204
85990,MOUNT PLEASANT 2 W,FL,-84.7,30.66667,302
2EG,EGLIN AFB RNG 62,FL,-86.23333,30.65,
3842,VALPARAISO EGLIN AFB FLD 1,FL,-86.36667,30.66667,
3844,DUKE FIELD AAFB,FL,-86.53333,30.65,
83978,HILLIARD,FL,-81.93333,30.7,69
81502,CHATTAHOOCHEE 1 W,FL,-84.86667,30.7,89
89795,WOODRUFF DAM,FL,-84.8741,30.7219,107
93841,WHITING FIELD NAS,FL,-87.01667,30.71667,199
85372,MARIANNA SCHOOL FOR BOYS,FL,-85.26667,30.76667,171
81544,CHIPLEY,FL,-85.5503,30.7806,130
81388,CARYVILLE,FL,-85.81667,30.76667,50
81984,CRESTVIEW RADIO WJSB,FL,-86.58333,30.76667,240
85756,MILLIGAN,FL,-86.65,30.75,100
85793,MILTON EXPERIMENT STN,FL,-87.14139,30.77944,217
3818,MARIANNA MUNICIPAL AP,FL,-85.18389,30.83556,113
13851,MARIANNA AAF,FL,-85.2,30.83333,
3826,CHIPLEY,FL,-85.58333,30.75,
85377,MARIANNA 7 NE,FL,-85.0305,30.7341,115
83538,GRACEVILLE 1 SW,FL,-85.533,30.9575,160
81458,CENTURY,FL,-87.23306,30.96667,60
82441,DUCK KEY,FL,-80.9073,24.77048,8
84662,LA BELLE,FL,-81.4265,26.7459,16
12895,FORT PIERCE ST LUCIE COUNTY INTL AP,FL,-80.37667,27.49806,24
83322,GAINESVILLE 11 WNW,FL,-82.49417,29.68139,95
85184,LOXAHATCHEE NWR,FL,-80.216,26.4985,21
81858,CORAL SPRINGS,FL,-80.275,26.26778,10
80531,BAY POINT,FL,-85.71667,30.16667,9
84502,KENANSVILLE 8 WNW,FL,-81.11667,27.91667,67
12876,WINTER HAVEN GILBERT AP,FL,-81.75417,28.06222,146
84802,LAKELAND 2,FL,-82.0138,27.9922,139
85667,MIAMI NWSFO,FL,-80.3836,25.7553,14
85345,MARATHON FIRE RESCUE,FL,-81.05194,24.725,7
81306,CAPE FLORIDA,FL,-80.1566,25.6719,6
80101,ALLIGATOR POINT,FL,-84.41667,29.9,5
80198,ANNA MARIA,FL,-82.73333,27.53333,
80993,BREWSTER 2 S,FL,-81.9,27.73333,142
89524,WEST PALM BEACH II,FL,-80.11056,26.67639,15
85705,MIDDLEBURG,FL,-81.8475,30.0603,82
53853,DESTIN FORT WALTON BEACH AP,FL,-86.47167,30.4,22
84320,ISLAMORADA,FL,-80.6364,24.9177,6
89640,WHITE SPRINGS 7N,FL,-82.7847,30.4392,132
84797,LAKELAND,FL,-81.92194,28.02056,145
12883,LAKELAND LINDER REGIONAL AP,FL,-82.05,28,142
12832,APALACHICOLA AP,FL,-85.03333,29.73333,19
12832,APALACHICOLA WSO CITY,FL,-84.98333,29.73333,14
12835,FORT MYERS PAGE FIELD AP,FL,-81.8614,26.585,15
12836,KEY WEST INTL AIRPORT,FL,-81.7554,24.5571,1
93805,TALLAHASSEE REGIONAL AP,FL,-84.35333,30.39306,55
12859,MIAMI WSO CITY,FL,-80.28333,25.71667,15
92811,MIAMI BEACH,FL,-80.1334,25.8063,8
88368,SOUTH BAY 15 S,FL,-80.6402,26.47,20
12873,ST PETERSBURG CLEARWATER INTL AP,FL,-82.6875,27.91056,11
53862,PERRY FOLEY AP,FL,-83.57361,30.07194,45
84500,KENANSVILLE,FL,-81.0435,27.8703,61
13899,PENSACOLA REGIONAL AP,FL,-87.18694,30.47806,112
80737,BIG CYPRESS,FL,-80.9958,26.3283,15
86767,PALM COAST 6NE,FL,-81.2061,29.6319,5
84723,LAKE BUTLER,FL,-82.3314,29.9453,135
80598,BELL 4NW,FL,-82.91778,29.79556,30
86618,ORANGE SPRINGS 2SSW,FL,-81.9681,29.4794,50
86761,PALM BAY,FL,-80.64573,27.91527,27
88051,SCOTTSMOOR 2.5 SSW,FL,-80.8795,28.7299,42
81601,CLARKSVILLE 2 N,FL,-85.19917,30.46472,125
81022,BRISTOL 2 S,FL,-84.97889,30.37944,144
86129,NEW HOPE,FL,-85.883,30.9538,105
86630,ORLANDO,FL,-81.28667,28.48556,105
87261,NEW SMYRNA BEACH - MARINE DISCOVERY CENTER,FL,-80.918,29.0361,16
87189,PLANTATION,FL,-80.27278,26.11083,7
80992,BRIGHTON RESERVATION,FL,-81.0701,27.0436,14
89511,WESTON,FL,-80.39528,26.09333,10
86764,PALM BEACH GARDENS,FL,-80.1488,26.8261,20
86092,NETTLES ISLAND,FL,-80.22144,27.28768,10
87228,MT PLYMOUTH 1SSW,FL,-81.5373,28.7991,90
87005,PENSUCCO II,FL,-80.44056,25.93833,7
84461,JUNO BEACH,FL,-80.0552,26.86,5
87758,ROYAL PALM BEACH WEST,FL,-80.3008,26.8561,10
85359,MARCO ISLAND,FL,-81.7138,25.9491,10
88076,SEA HAG MARINA,FL,-83.38833,29.67111,5
87869,ST MARKS NWR,FL,-84.21167,30.19222,10
87304,PORT SALERNO 5W,FL,-80.2627,27.0997,12
81651,CLEWISTON NO. 2,FL,-81.04917,26.73611,18
88756,TALLAHASSEE AIRPORT,FL,-84.3555,30.3961,55
83026,FOREVER FLORIDA,FL,-81.03722,28.0425,76
82046,CURRY HAMMOCK STATE PARK,FL,-80.98193,24.74257,5
84412,JOHN PENNEKAMP STATE PARK,FL,-80.3493,25.1936,10
13889,JACKSONVILLE INTL AP,FL,-81.6936,30.495,26
12882,MIAMI OPA LOCKA AP,FL,-80.28028,25.90694,10
80765,BLACKMAN,FL,-86.65,30.98333,220
80765,BLACKMAN 4 MI N,FL,-86.65,30.98333,
80414,BAHIA HONDA STATE PARK,FL,-81.27998,24.65512,8
53894,JACKSONVILLE HERLONG AIRPORT,FL,-81.80583,30.27778,87
92813,ORLANDO KISSIMMEE MUNICIPAL AIRPORT,FL,-81.43694,28.28972,82
92814,ST AUGUSTINE AIRPORT,FL,-81.33972,29.95917,10
92815,STUART WITHAM FIELD AIRPORT,FL,-80.22083,27.18167,18
92816,TAMPA VANDENBERG AIRPORT,FL,-82.34528,28.01389,22
63823,JACKSONVILLE CECIL FIELD AIRPORT,FL,-81.87639,30.21861,81
92817,THE VILLAGES,FL,-81.96667,28.95,89
92821,TITUSVILLE 7 E,FL,-80.6929,28.6159,3
12872,CLEWISTON,FL,-81,26.66667,
12872,CLEWISTON,FL,-80.95,26.73333,
81632,CLEARWATER,FL,-82.76667,27.96667,69
81635,CLEARWATER BEACH,FL,-82.83333,27.98333,10
81800,COOPER CITY,FL,-80.28389,26.04722,11
81556,CHOKOLOSKEE,FL,-81.36167,25.81444,6
DABthr,Daytona Beach Area,FL,,,
EYWthr,Key West Area,FL,,,
FMYthr,Fort Myers Area,FL,,,
GNVthr,Gainesville Area,FL,,,
JAXthr,Jacksonville Area,FL,,,
MCOthr,Orlando Area,FL,,,
MIAthr,Miami Area,FL,,,
PBIthr,West Palm Beach Area,FL,,,
PNSthr,Pensacola Area,FL,,,
TLHthr,Tallahassee Area,FL,,,
TPAthr,Tampa Area,FL,,,
VRBthr,Vero Beach Area,FL,,,
3843,PIERCE FIELD AAFB,FL,-86.43333,30.51667,
3843,PIERCE FIELD AAFB,FL,-86.45,30.58333,
86419,OCALA TAYLOR MUNICIPAL AP,FL,-82.15,29.18333,68
86419,OCALA 2 NE,FL,-82.1,29.2,69
63871,BONIFAY TRI COUNTY AP,FL,-85.60139,30.84583,85
92824,PLANT CITY MUNICIPAL AP,FL,-82.16417,28.00028,154
92825,TAMPA PETER O KNIGHT AP,FL,-82.44917,27.91556,8
89034,TROY SPRING STATE PARK,FL,-82.9975,30.00583,60
86634,ORLANDO WEST,FL,-81.5467,28.5082,150
53848,CHOCTAW NAVAL OUTLYING FIELD MILTON,FL,-86.95972,30.50694,102
63890,JACKSONVILLE WHITEHOUSE NAVAL OUTLYING FIELD,FL,-81.88306,30.35028,99
85880,MONTICELLO 10 SW,FL,-83.9858,30.4405,219
80735,BIG CORKSCREW,FL,-81.5477,26.3651,26
53847,WHITING FIELD NAS SOUTH,FL,-87.02306,30.70444,178
92808,NEW SMYRNA BEACH MUNICIPAL AP,FL,-80.94833,29.05417,10
92822,ORMOND BEACH MUNICIPAL AP,FL,-81.1125,29.29583,29
US1FLAL0040,GAINESVILLE 2.1 NW,FL,-82.3628,29.6935,182
US1FLAL0041,GAINESVILLE 6.5 NW,FL,-82.4162,29.737,
US1FLAL0043,GAINESVILLE 1.8 SW,FL,-82.3552,29.6546,136
US1FLBF0002,STARKE 0.9 ESE,FL,-82.0979,29.943,159
US1FLBV0032,MERRITT ISLAND 4.1 NE,FL,-80.6729,28.4017,4
US1FLBV0040,MIMS 1.6 SW,FL,-80.865,28.6686,19
US1FLBV0045,MELBOURNE 3.2 NW,FL,-80.6779,28.1477,28
US1FLBV0047,ROCKLEDGE 1.3 NE,FL,-80.717,28.335,7
US1FLBY0007,PANAMA CITY BEACH 0.3 SW,FL,-85.8554,30.2068,30
US1FLBY0010,PANAMA CITY BEACH 5.9 WNW,FL,-85.9369,30.2535,44
US1FLCH0019,PUNTA GORDA 1.4 NNW,FL,-82.068,26.916,1
US1FLCR0031,NAPLES 1.3 SE,FL,-81.7787,26.1334,26
US1FLCR0032,NORTH NAPLES 14.1 ENE,FL,-81.5738,26.2716,14
US1FLCT0012,CITRUS SPRINGS 1.7 E,FL,-82.4476,29.0011,113
US1FLCY0025,ORANGE PARK 4.1 WSW,FL,-81.7668,30.1448,80
US1FLDV0059,JACKSONVILLE 4.2 NE,FL,-81.6047,30.3758,28
US1FLDV0060,JACKSONVILLE 11.8 S,FL,-81.6379,30.1649,12
US1FLDV0063,JACKSONVILLE 7.8 SW,FL,-81.7548,30.2587,32
US1FLDV0066,JACKSONVILLE 4.2 ESE,FL,-81.5991,30.3016,23
US1FLFL0008,PALM COAST 1.7 W,FL,-81.243,29.568,25
US1FLHB0090,TAMPA 10.2 NNW,FL,-82.5482,28.0765,41
US1FLIR0034,VERO BEACH 3.8 SW,FL,-80.4349,27.6046,19
US1FLIR0035,SEBASTIAN 3.3 SW,FL,-80.5142,27.7504,18
US1FLIR0036,VERO BEACH 5.3 W,FL,-80.4804,27.6409,18
US1FLLE0037,FORT MYERS 0.8 N,FL,-81.8488,26.6423,12
US1FLLN0043,TALLAHASSEE 4.2 N,FL,-84.284,30.5175,114
US1FLLN0051,TALLAHASSEE 5.1 NE,FL,-84.2198,30.5077,161
US1FLLV0012,YANKEETOWN 4.2 E,FL,-82.6898,29.0372,4
US1FLMA0014,LAKEWOOD RANCH 7.0 E,FL,-82.3137,27.4051,
US1FLMD0032,DORAL 1.9 WNW,FL,-80.3843,25.8297,3
US1FLMD0033,BISCAYNE PARK 0.3 E,FL,-80.1769,25.882,8
US1FLMN0022,KEY WEST 1.0 SSW,FL,-81.7836,24.5507,1
US1FLMN0023,MARATHON 6.8 ENE,FL,-80.9788,24.7435,1
US1FLMR0033,SILVER SPRINGS SHORES 6.9 NNE,FL,-81.951,29.1913,128
US1FLMR0035,OCKLAWAHA 2.5 ENE,FL,-81.8924,29.0586,123
US1FLMR0036,OCALA 14.3 S,FL,-82.1746,28.976,80
US1FLMS0003,MADISON 1.2 ENE,FL,-83.3954,30.4727,158
US1FLMT0019,JENSEN BEACH 2.2 NW,FL,-80.2604,27.2541,14
US1FLMT0020,STUART 0.7 SSW,FL,-80.2488,27.1859,9
US1FLOB0005,OKEECHOBEE 18.0 NNW,FL,-80.9753,27.4681,64
US1FLOK0034,NICEVILLE 1.9 SE,FL,-86.4599,30.5126,45
US1FLOR0015,UNION PARK 3.8 ENE,FL,-81.1758,28.5814,51
US1FLOR0020,WINTER GARDEN 6.1 SW,FL,-81.6498,28.4952,134
US1FLPB0034,PAHOKEE 1.6 NE,FL,-80.6471,26.8374,14
US1FLPN0043,PALM HARBOR 3.4 ESE,FL,-82.7119,28.0671,13
US1FLPN0046,ST. PETERSBURG 0.7 ESE,FL,-82.6313,27.7533,7
US1FLPT0014,POMONA PARK 3.1 WNW,FL,-81.6396,29.522,71
US1FLSJ0012,ST AUGUSTINE 10.1 SSE,FL,-81.2701,29.7535,4
US1FLSJ0013,PONTE VEDRA BEACH 4.2 S,FL,-81.3799,30.1804,8
US1FLSJ0014,PONTE VEDRA BEACH 2.1 SSE,FL,-81.3784,30.2111,11
US1FLSJ0016,ST. AUGUSTINE 12.2 WNW,FL,-81.5061,29.9441,
US1FLSL0029,PORT ST. LUCIE 1.5 NE,FL,-80.3369,27.2956,13
US1FLSL0031,PORT ST. LUCIE 4.4 NNW,FL,-80.3763,27.3398,19
US1FLVL0021,DELAND 2.0 W,FL,-81.3299,29.0374,84
US1FLVL0022,ORMOND BEACH 2.2 SSE,FL,-81.0766,29.2658,23
US1FLWS0003,SUNNY HILLS 3.3 N,FL,-85.5776,30.5858,271
92827,SEBRING 23 SSE,FL,-81.3689,27.1526,150
92826,EVERGLADES CITY 5 NE,FL,-81.3183,25.8996,4
85603,MELBOURNE BEACH A1A,FL,-80.5512,28.0547,12
86048,MUSE,FL,-81.4915,26.826,43
80085,ALLAPATTAH,FL,-80.25,25.8,5
80100,ALTAMONTE SPRINGS,FL,-81.35,28.66667,
80110,ALVA NANA,FL,-81.56667,26.75,
80250,ARCHER,FL,-82.46667,29.5,92
80818,BLUFF SPRINGS,FL,-87.3,30.93333,55
80837,BOCA GRANDE,FL,-82.26667,26.73333,11
80875,BONIFAY,FL,-85.68333,30.78333,120
81226,CAMP GORDON JOHNSON FRANKLIN,FL,-84.6,29.9,
81229,CAMP J.E. JOHNSTON,FL,-81.68333,30.23333,
81398,CAXAMBAS,FL,-81.71667,25.91667,45
81750,COLEMAN,FL,-82.06667,28.8,65
81850,CORAL GABLES,FL,-80.28333,25.75,16
81965,CRAWFORDVILLE,FL,-84.36667,30.16667,
82085,DALKEITH,FL,-85.15,30.01667,
82190,DEEP LAKE,FL,-81.35,26.08333,
82280,DE SOTO CITY,FL,-81.41666,27.43333,150
82335,DINNER KEY BASE,FL,-80.25,25.71667,
82448,DUKE MALA COMPTRA,FL,-81.25,29.55,
82620,EDDY,FL,-81.5,26.66667,
82780,ESTERO,FL,-81.81667,26.43333,16
82940,FENHOLLOWAY,FL,-83.48333,30.1,75
83015,FLAMINGO (1),FL,-80.96667,25.13333,4
83115,FORT BARRANCAS,FL,-87.28333,30.35,
83144,FORT GATLIN,FL,-81.33334,28.5,
83147,FORT GEORGE ISLAND,FL,-81.43333,30.4,
83177,FORT MEADE (1),FL,-81.8,27.75,125
83275,FROSTPROOF,FL,-81.53333,27.73333,
83338,GALT,FL,-87,30.66667,10
83480,GLENWOOD,FL,-81.35,29.1,
83630,GRIFFIN,FL,-80.31667,26.06667,12
83680,GULF HAMMOCK,FL,-82.71667,29.25,
83878,HAYWOOD,FL,-84.95,30.86667,
83890,HELEN,FL,-84.4,30.3,75
83896,HENDRICKS FIELD,FL,-81.36667,27.46667,
84056,HOLMAN GROVE,FL,-80.51667,27.45,23
84083,HOLT,FL,-86.75,30.71667,208
84130,HOUSTON,FL,-82.9,30.26667,
84334,ISLEWORTH,FL,-81.55,28.46667,152
84373,JACKSONVILLE NO. 2,FL,-81.66666,30.33333,15
84470,JUPITER,FL,-80.11667,26.95,20
84786,LAKE KERR,FL,-81.78333,29.38333,
84815,LAKEMONT MINNESOTA PARK,FL,-81.45,27.53333,20
84950,LAWTEY,FL,-82.06667,30.05,140
85055,LIMONA,FL,-82.3,27.95,
85110,LOCK NO. 4,FL,-80.23333,26.1,
85315,MAMMOTH GROVE LAKE WALES,FL,-81.56667,27.9,153
85300,MALABAR,FL,-80.56667,28,28
85357,MARCO,FL,-81.73333,25.96667,12
85435,MASON NEAR,FL,-87.43333,30.8,200
85465,MATANZAS,FL,-81.23333,29.71667,
85547,MAYPORT,FL,-81.43333,30.38333,10
85560,MCDONALD,FL,-81.58334,28.68333,175
85648,METTS,FL,-86.75,30.55,25
85662,MELROSE,FL,-82.05,29.71667,145
85690,MICANOPY,FL,-82.28333,29.5,
85695,MICCO,FL,-80.51667,27.88333,
85850,MOLINO,FL,-87.36667,30.7,49
85866,MONROE,FL,-81.1,25.85,
85935,MORRISTON,FL,-82.45,29.28333,80
85950,MORTON'S FARM DUVAN FARM,FL,-81.68333,30.33333,10
86040,MULLET KEY,FL,-82.73333,27.61667,5
86325,NORTH NEW RIVER CANAL 20 MI BEND,FL,-80.45,26.15,
86375,OAK HILL,FL,-80.85,28.86667,25
86416,OCALA NATIONAL FOREST CENTRAL TOWER,FL,-81.76667,29.16667,
86473,OKAHUMPKA,FL,-81.9,28.75,95
86478,OKEECHOBEE NEAR,FL,-80.86667,27.25,
86500,OLD TOWN,FL,-82.98333,29.61667,
86515,OLUSTEE,FL,-82.45,30.2,
86598,ORANGE HOME,FL,-81.98333,28.83333,75
86607,ORANGE LAKE,FL,-82.21667,29.43333,
86612,ORANGE PARK,FL,-81.7,30.16667,25
86685,OTTER CREEK,FL,-82.76667,29.33333,
86700,OXFORD,FL,-82.03333,28.93333,
86855,PANASOFFKEE,FL,-82.1,28.75,
86969,PENNY FARMS,FL,-81.8,29.98333,95
87055,PICOLATA POST PICOLATA,FL,-81.58334,29.91667,
87070,PIERSON,FL,-81.46667,29.01667,
87115,PINECREST,FL,-80.93333,25.75,16
87125,PINE LEVEL,FL,-82,27.26667,
87137,PINELLAS PARK,FL,-82.7,27.83333,15
87272,PONTE VEDRA BEACH,FL,-81.38333,30.23333,
87470,RAMER CREEK,FL,-86.4,30.65,
87490,RED BAY,FL,-85.95,30.65,
87600,RITTA,FL,-80.66666,26.68333,18
87665,ROCKWELL,FL,-82.46667,29.06667,10
87740,ROUND LAKE,FL,-85.4,30.65,258
87832,ST. CLOUD,FL,-81.26667,28.25,63
87838,ST. FRANCIS,FL,-81.38333,29.03333,20
87964,SAND KEY,FL,-81.86667,24.45,5
88082,SEBASTIAN,FL,-80.48333,27.81667,36
88088,SEBRING AIRPORT,FL,-81.41666,27.46667,
88120,SEMINOLE INDIAN RESERVATION,FL,-81,26.31667,20
88530,STARKE 5 E,FL,-82.03333,29.95,165
88573,STEPHENSVILLE,FL,-83.38333,29.7,10
88737,SWITZERLAND,FL,-81.65,30.06667,10
88890,TEMPLE TERRACES,FL,-82.38333,28.05,75
89148,VALPARAISO,FL,-86.5,30.5,
89260,VILLA CITY,FL,-81.85,28.61667,
89325,WALDO,FL,-82.16666,29.78333,
89370,WARRINGTON,FL,-87.26667,30.35,
89417,WAUSAU,FL,-85.58334,30.63333,250
89545,WESTVILLE,FL,-85.86667,30.78333,
89660,WILMA,FL,-84.91666,30.16667,50
89900,ZELLWOOD,FL,-81.6,28.73333,175
88040,SATSUMA HEIGHTS,FL,-81.65,29.55,78
86999,PENSACOLA 7 NNE,FL,-87.1985,30.5301,114
73805,NORTHWEST FLORIDA BEACHES INTL AP,FL,-85.788,30.349,57
MLBthr,Melbourne Area,FL,,,
83178,FORT MELLON,FL,-81.25472,28.81278,8
83215,FORT REID,FL,-81.25611,28.795,37
86477,OKEECHOBEE INTOWN,FL,-80.83583,27.25556,26
US1FLAL0002,ARCHER 5.5 E,FL,-82.4271,29.5272,115
US1FLAL0004,BROOKER 6.6 SSE,FL,-82.2836,29.8006,141
US1FLAL0007,GAINESVILLE 8.1 SW,FL,-82.4314,29.5908,121
US1FLAL0010,GAINESVILLE 3.8 W,FL,-82.3988,29.6802,125
US1FLAL0014,ARCHER 6.7 NNE,FL,-82.4833,29.6254,79
US1FLAL0016,GAINESVILLE 3.7 SSW,FL,-82.3618,29.6251,82
US1FLAL0017,HIGH SPRINGS 3.2 SW,FL,-82.6276,29.7869,73
US1FLAL0018,MICANOPY 8.5 W,FL,-82.4222,29.5093,71
US1FLBK0002,MACCLENNY 2.5 S,FL,-82.1224,30.2447,98
US1FLBK0003,SANDERSON 4.9 NNW,FL,-82.2757,30.3212,132
US1FLBK0004,GLEN ST. MARY 6.6 NW,FL,-82.2226,30.3527,121
US1FLBK0006,GLEN ST. MARY 1.7 N,FL,-82.1624,30.2985,119
US1FLBK0007,MACCLENNY 4.9 SSW,FL,-82.1606,30.2161,132
US1FLBV0001,PALM BAY 2.6 SSE,FL,-80.642,27.9512,39
US1FLBV0002,PALM SHORES 1.4 W,FL,-80.6805,28.1882,39
US1FLBV0006,MELBOURNE 1.1 N,FL,-80.6436,28.1312,30
US1FLBV0007,MICCO 4.5 NW,FL,-80.5573,27.9243,26
US1FLBV0009,MALABAR 2.9 NNW,FL,-80.5947,28.0267,33
US1FLBV0011,MELBOURNE BEACH 3.9 SSE,FL,-80.5332,28.0165,
US1FLBV0012,CAPE CANAVERAL 0.6 ESE,FL,-80.6003,28.3861,20
US1FLBV0013,ROCKLEDGE 1.1 WSW,FL,-80.7456,28.3122,39
US1FLBV0014,PALM BAY 1.0 NE,FL,-80.6432,27.9921,36
US1FLBV0016,PALM SHORES 2.9 NW,FL,-80.6961,28.2118,46
US1FLBV0020,PALM SHORES 4.3 NNW,FL,-80.6842,28.2439,20
US1FLBV0022,MELBOURNE 7.0 NW,FL,-80.6809,28.1796,30
US1FLBV0023,COCOA 2.6 WNW,FL,-80.7868,28.3956,23
US1FLBV0024,INDIALANTIC 0.8 N,FL,-80.5702,28.0992,13
US1FLBV0025,MELBOURNE 8.2 NW,FL,-80.7055,28.201,30
US1FLBV0026,COCOA 0.6 WSW,FL,-80.7561,28.3728,23
US1FLBV0028,MICCO 1.3 NW,FL,-80.5283,27.8861,19
US1FLBV0036,MERRIT ISLAND 9.1 N,FL,-80.7093,28.4793,4
US1FLBV0038,TITUSVILLE 3.5 NW,FL,-80.8572,28.6282,40
US1FLBW0004,PEMBROKE PINES 1.0 ENE,FL,-80.3255,26.0145,16
US1FLBW0007,POMPANO BEACH HIGHLANDS 0.7 E,FL,-80.103,26.286,16
US1FLBW0008,OAKLAND PARK 0.5 NNW,FL,-80.157,26.1816,16
US1FLBW0009,CORAL SPRINGS 1.1 NW,FL,-80.2712,26.281,12
US1FLBW0012,SUNRISE 1.3 N,FL,-80.3004,26.1711,26
US1FLBW0013,MIRAMAR 3.0 WNW,FL,-80.3791,25.9917,16
US1FLBW0016,FORT LAUDERDALE 1.9 SSW,FL,-80.1521,26.1179,3
US1FLBW0019,PARKLAND 2.1 E,FL,-80.2042,26.3203,14
US1FLBW0021,PEMBROKE PINES 2.4 ESE,FL,-80.2745,26.0021,3
US1FLBW0026,DEERFIELD BEACH 2.5 ESE,FL,-80.0813,26.3038,1
US1FLBW0027,OAKLAND PARK 1.9 ENE,FL,-80.1251,26.1858,8
US1FLBW0028,LAUDERHILL 2.3 WNW,FL,-80.2663,26.1795,8
US1FLBW0029,DEERFIELD BEACH 1.7 WSW,FL,-80.147,26.3083,13
US1FLBY0001,CALLAWAY 0.3 W,FL,-85.5824,30.1415,46
US1FLCB0001,FORT WHITE 1.9 NW,FL,-82.738,29.9401,
US1FLCB0005,LAKE CITY 3.4 SSW,FL,-82.67,30.15,112
US1FLCH0001,PORT CHARLOTTE 2.9 NE,FL,-82.07,27.01,36
US1FLCH0002,PUNTA GORDA 1.0 NNW,FL,-82.0654,26.9098,
US1FLCH0003,PUNTA GORDA 9.6 S,FL,-82.0565,26.758,20
US1FLCH0005,ROTONDA 4.2 ENE,FL,-82.2182,26.9112,20
US1FLCH0006,ROTONDA 0.8 WNW,FL,-82.2898,26.8853,13
US1FLCH0008,PORT CHARLOTTE 1.7 N,FL,-82.1121,27.0094,23
US1FLCH0010,PORT CHARLOTTE 6.4 W,FL,-82.2114,26.9758,3
US1FLCH0011,PUNTA GORDA 8.3 NNE,FL,-82.0399,27.0119,20
US1FLCH0013,PORT CHARLOTTE 6.2 W,FL,-82.2094,26.9805,3
US1FLCH0015,PORT CHARLOTTE 3.3 E,FL,-82.0552,26.9828,10
US1FLCH0017,PUNTA GORDA 1.6 NNW,FL,-82.0653,26.9197,1
US1FLCH0018,ENGLEWOOD 5.4 ESE,FL,-82.2707,26.9365,20
US1FLCN0001,KINARD 1.2 ENE,FL,-85.2441,30.2842,63
US1FLCN0002,CLARKSVILLE 1.7 SW,FL,-85.2065,30.4163,125
US1FLCR0001,NORTH NAPLES 7.3 E,FL,-81.6695,26.2167,26
US1FLCR0003,MARCO 0.2 SSE,FL,-81.7154,25.9396,20
US1FLCR0004,NORTH NAPLES 4.8 NNE,FL,-81.7454,26.2569,43
US1FLCR0005,IMMOKALEE 10.9 SW,FL,-81.5592,26.3183,13
US1FLCR0007,NAPLES 0.7 SSW,FL,-81.798,26.1347,23
US1FLCR0012,NAPLES 5.7 SE,FL,-81.7221,26.0976,23
US1FLCR0013,NAPLES PARK 3.7 ENE,FL,-81.7583,26.2798,9
US1FLCR0015,NORTH NAPLES 5.1 NE,FL,-81.7204,26.2414,1276
US1FLCR0017,COLLIER 14.1 NE,FL,-81.6243,26.2829,14
US1FLCT0002,INVERNESS 1.6 WSW,FL,-82.3688,28.8303,121
US1FLCT0005,DUNNELLON 3.6 WSW,FL,-82.5059,29.0375,49
US1FLCT0006,CRYSTAL RIVER 5.2 NNE,FL,-82.5577,28.9681,26
US1FLCT0007,CRYSTAL RIVER 5.3 NNE,FL,-82.5587,28.9693,39
US1FLCT0008,CRYSTAL RIVER 4.7 ESE,FL,-82.5273,28.871,89
US1FLCT0010,CITRUS SPRINGS 1.7 NNE,FL,-82.4679,29.0206,98
US1FLCT0011,HERNANDO 1.6 N,FL,-82.3704,28.9298,76
US1FLCY0001,FLEMING ISLAND 1.7 SE,FL,-81.6956,30.0785,10
US1FLCY0002,ORANGE PARK 4.8 SSW,FL,-81.736,30.1044,43
US1FLCY0003,KEYSTONE HEIGHTS 6.9 ENE,FL,-81.9275,29.8172,115
US1FLCY0004,LAKESIDE 2.9 S,FL,-81.7599,30.0885,23
US1FLCY0005,KEYSTONE HEIGHTS 7.6 ENE,FL,-81.9247,29.8362,190
US1FLCY0006,ORANGE PARK 4.7 SW,FL,-81.7687,30.13,69
US1FLCY0007,KEYSTONE HEIGHTS 3.5 ENE,FL,-81.9788,29.7981,128
US1FLCY0008,ORANGE PARK 3.0 WNW,FL,-81.7526,30.1802,46
US1FLCY0009,MIDDLEBURG 6.5 NNE,FL,-81.8761,30.1423,49
US1FLCY0010,ORANGE PARK 0.7 NNE,FL,-81.6982,30.1778,13
US1FLCY0012,MIDDLEBURG 6.3 NNE,FL,-81.878,30.1389,79
US1FLCY0013,MIDDLEBURG 0.7 S,FL,-81.9012,30.0406,83
US1FLCY0014,KEYSTONE HEIGHTS 9.1 NE,FL,-81.92,29.8677,161
US1FLCY0017,MIDDLEBURG 0.7 SSW,FL,-81.9065,30.0403,85
US1FLCY0019,GREEN COVE SPRINGS 6.8 SSE,FL,-81.6277,29.9019,2
US1FLCY0021,ASBURY LAKE 5.4 NE,FL,-81.7557,30.1023,10
US1FLDS0001,ARCADIA 7.1 WSW,FL,-81.9644,27.1752,56
US1FLDV0001,JACKSONVILLE 6.2 ENE,FL,-81.5592,30.3623,36
US1FLDV0002,JACKSONVILLE 7.5 E,FL,-81.532,30.3366,36
US1FLDV0003,JACKSONVILLE 5.9 SW,FL,-81.7304,30.2765,23
US1FLDV0004,JACKSONVILLE 8.4 SSE,FL,-81.5822,30.2312,43
US1FLDV0008,JACKSONVILLE BEACH 4.2 WNW,FL,-81.4432,30.3043,13
US1FLDV0009,JACKSONVILLE BEACH 3.9 WNW,FL,-81.4396,30.3025,7
US1FLDV0011,JACKSONVILLE BEACH 3.7 WNW,FL,-81.4394,30.2936,36
US1FLDV0013,NEPTUNE BEACH 0.5 NNW,FL,-81.3956,30.3216,
US1FLDV0019,JACKSONVILLE BEACH 4.4 WNW,FL,-81.4439,30.3101,16
US1FLDV0020,JACKSONVILLE 8.1 SSE,FL,-81.6183,30.2216,33
US1FLDV0021,JACKSONVILLE 8.8 E,FL,-81.512,30.356,59
US1FLDV0024,JACKSONVILLE BEACH 4.5 W,FL,-81.4547,30.2685,36
US1FLDV0026,JACKSONVILLE 7.3 SW,FL,-81.7444,30.2608,16
US1FLDV0027,FRUIT COVE 6.1 N,FL,-81.6017,30.1884,23
US1FLDV0028,JACKSONVILLE 3.8 ESE,FL,-81.5985,30.3157,16
US1FLDV0032,JACKSONVILLE 11.4 ESE,FL,-81.4676,30.3144,23
US1FLDV0033,JACKSONVILLE 10.0 WSW,FL,-81.8226,30.3044,87
US1FLDV0035,JACKSONVILLE 3.2 ESE,FL,-81.6053,30.3217,21
US1FLDV0036,JACKSONVILLE 11.6 ENE,FL,-81.4631,30.3318,3
US1FLDV0037,JACKSONVILLE 11.9 N,FL,-81.6204,30.5042,34
US1FLDV0038,JACKSONVILLE BEACH 4.5 W,FL,-81.4567,30.2744,14
US1FLDV0042,JACKSONVILLE 10.3 SW,FL,-81.7869,30.235,69
US1FLDV0043,JACKSONVILLE 5.6 E,FL,-81.5645,30.3433,37
US1FLDV0044,JACKSONVILLE 11.4 SE,FL,-81.5079,30.2293,22
US1FLDV0046,JACKSONVILLE 12.1 ESE,FL,-81.4547,30.3033,16
US1FLDV0047,JACKSONVILLE 12.0 SSE,FL,-81.5818,30.1705,24
US1FLDV0051,JACKSONVILLE 12.0 SSE,FL,-81.5705,30.175,24
US1FLES0002,WEST PENSACOLA 10.9 SW,FL,-87.4089,30.3258,46
US1FLES0004,GONZALEZ 2.5 NNW,FL,-87.3122,30.604,158
US1FLES0005,BELLVIEW 1.7 NW,FL,-87.3331,30.4819,85
US1FLES0010,PENSACOLA 3.8 N,FL,-87.1894,30.5,106
US1FLES0013,ENSLEY 2.1 ENE,FL,-87.2424,30.5363,97
US1FLES0015,GONZALEZ 2.1 E,FL,-87.2547,30.5685,72
US1FLES0016,PENSACOLA 4.8 N,FL,-87.1758,30.5137,75
US1FLES0017,CENTURY 9.4 W,FL,-87.4194,30.9873,266
US1FLFL0002,BUNNELL 7.7 SW,FL,-81.3577,29.3962,16
US1FLFL0009,PALM COAST 5.9 SSW,FL,-81.2402,29.4886,24
US1FLFR0001,CARRABELLE 0.4 NE,FL,-84.6658,29.8529,15
US1FLGC0001,TRENTON 8.0 ENE,FL,-82.7014,29.6717,79
US1FLGC0003,NEWBERRY 4.0 WNW,FL,-82.6687,29.6765,87
US1FLGC0005,TRENTON 7.3 E,FL,-82.695,29.6124,90
US1FLGD0001,QUINCY 6.0 SW,FL,-84.6586,30.5247,213
US1FLGD0002,HAVANA 4.2 SW,FL,-84.4671,30.5823,279
US1FLGD0003,QUINCY 6.0 SW,FL,-84.6621,30.5294,240
US1FLGF0001,PORT ST. JOE 0.6 SE,FL,-85.2885,29.8033,10
US1FLGF0002,WEWAHITCHKA 1.6 SW,FL,-85.2171,30.0989,33
US1FLGL0002,MOORE HAVEN 12.2 WSW,FL,-81.291,26.7967,13
US1FLGL0004,LA BELLE 6.2 NW,FL,-81.5081,26.8211,37
US1FLGL0006,MOORE HAVEN 12.4 WSW,FL,-81.2947,26.7981,14
US1FLGL0007,LA BELLE 4.5 NNW,FL,-81.4495,26.8206,39
US1FLGL0010,BUCKHEAD RIDGE 0.6 SW,FL,-80.8941,27.1284,15
US1FLGL0012,LA BELLE 5.9 ENE,FL,-81.3478,26.785,10
US1FLHB0001,PLANT CITY 6.4 NW,FL,-82.2092,28.0651,102
US1FLHB0002,RIVERVIEW 3.4 SE,FL,-82.2723,27.8405,72
US1FLHB0003,VALRICO 1.1 SE,FL,-82.229,27.9294,53
US1FLHB0004,VALRICO 2.2 SE,FL,-82.2261,27.9125,108
US1FLHB0005,CITRUS PARK 1.3 ENE,FL,-82.5493,28.0823,51
US1FLHB0006,RIVERVIEW 3.3 ESE,FL,-82.2687,27.8492,82
US1FLHB0007,TAMPA 8.4 NW,FL,-82.5369,28.0473,39
US1FLHB0010,TAMPA 5.1 S,FL,-82.4895,27.8859,7
US1FLHB0011,BLOOMINGDALE 0.8 ESE,FL,-82.2478,27.874,62
US1FLHB0012,CARROLLWOOD 0.5 WNW,FL,-82.5012,28.0512,62
US1FLHB0014,BLOOMINGDALE 1.3 ESE,FL,-82.2405,27.868,56
US1FLHB0015,BRANDON 2.1 SSW,FL,-82.3061,27.9026,43
US1FLHB0016,PLANT CITY 3.4 E,FL,-82.0724,28.0088,164
US1FLHB0017,SUN CITY CENTER 1.0 NE,FL,-82.3384,27.7305,69
US1FLHB0020,BLOOMINGDALE 5.5 SE,FL,-82.1855,27.8323,108
US1FLHB0022,BLOOMINGDALE 3.1 SSE,FL,-82.2339,27.8391,105
US1FLHB0023,GIBSONTON 1.5 SE,FL,-82.3503,27.8277,36
US1FLHB0025,CARROLLWOOD 1.7 SE,FL,-82.4706,28.0357,59
US1FLHB0026,LUTZ 2.1 NE,FL,-82.4404,28.1625,89
US1FLHB0027,LUTZ 1.3 SSE,FL,-82.4531,28.1228,85
US1FLHB0028,WEST PARK 0.4 S,FL,-82.5156,28.0059,52
US1FLHB0029,TAMPA 6.5 NNE,FL,-82.4062,28.0301,89
US1FLHB0032,SUN CITY CENTER 0.9 W,FL,-82.3667,27.7219,43
US1FLHB0033,BLOOMINGDALE 7.6 ESE,FL,-82.1487,27.8283,105
US1FLHB0034,LUTZ 3.2 W,FL,-82.515,28.1475,76
US1FLHB0036,TAMPA 4.4 SSW,FL,-82.516,27.9035,39
US1FLHB0037,LUTZ 2.0 E,FL,-82.4304,28.1358,95
US1FLHB0039,CARROLLWOOD 2.0 SSE,FL,-82.4829,28.0227,49
US1FLHB0040,UNIVERSITY WEST 2.0 WNW,FL,-82.464,28.0824,85
US1FLHB0041,RUSKIN 2.0 S,FL,-82.4351,27.6854,4
US1FLHB0042,PLANT CITY 1.9 S,FL,-82.1272,27.979,151
US1FLHB0043,BRANDON 2.7 N,FL,-82.2927,27.969,37
US1FLHB0044,RUSKIN 1.8 ESE,FL,-82.4005,27.7057,56
US1FLHB0045,PLANT CITY 1.9 SSW,FL,-82.1452,27.982,146
US1FLHB0046,APOLLO BEACH 3.0 ENE,FL,-82.3611,27.7848,56
US1FLHB0047,BLOOMINGDALE 3.3 ENE,FL,-82.2071,27.8897,45
US1FLHB0048,GREATER NORTHDALE 0.4 ENE,FL,-82.5132,28.1071,85
US1FLHB0050,SUN CITY CENTER 2.2 SW,FL,-82.3744,27.6972,38
US1FLHB0051,LUTZ 2.2 SSE,FL,-82.446,28.1105,85
US1FLHB0052,BRANDON 2.7 E,FL,-82.2481,27.9231,108
US1FLHB0054,BRANDON 2.6 SW,FL,-82.3227,27.9036,32
US1FLHB0055,TAMPA 5.0 NNE,FL,-82.4155,28.0126,52
US1FLHB0057,LUTZ 4.2 WNW,FL,-82.5246,28.1656,55
US1FLHB0060,VALRICO 2.8 SSE,FL,-82.2411,27.9058,76
US1FLHB0064,TAMPA 4.7 NW,FL,-82.4897,28.0405,45
US1FLHB0068,TAMPA 22.3 E,FL,-82.0938,27.9491,131
US1FLHB0069,RIVERVIEW 2.1 W,FL,-82.3507,27.8658,43
US1FLHB0070,OLDSMAR 2.1 E,FL,-82.6359,28.0505,5
US1FLHD0001,ZOLFO SPRINGS 0.6 ESE,FL,-81.7863,27.4898,79
US1FLHL0001,LAKE PLACID 9.4 SE,FL,-81.2574,27.2054,39
US1FLHL0002,AVON PARK 0.8 E,FL,-81.4901,27.593,158
US1FLHL0003,LAKE PLACID 1.1 WSW,FL,-81.3853,27.2877,108
US1FLHL0004,AVON PARK 0.9 ENE,FL,-81.4898,27.5958,174
US1FLHL0008,SEBRING 3.5 S,FL,-81.4603,27.4407,121
US1FLHL0010,AVON PARK 0.6 NW,FL,-81.5093,27.6005,167
US1FLHL0011,SEBRING 3.9 SSW,FL,-81.4788,27.4388,134
US1FLHL0012,SYLVAN SHORES 8.5 NE,FL,-81.2461,27.405,85
US1FLHL0013,SEBRING 4.7 WNW,FL,-81.525,27.516,184
US1FLHL0014,SEBRING 3.1 W,FL,-81.5038,27.4847,177
US1FLHL0016,LAKE PLACID 3.9 WNW,FL,-81.4297,27.3169,89
US1FLHL0017,LAKE PLACID 3.8 W,FL,-81.4312,27.3068,112
US1FLHL0018,LAKE PLACID 2.5 S,FL,-81.3715,27.2614,100
US1FLHL0019,SEBRING 3.2 W,FL,-81.5048,27.4935,157
US1FLHL0021,SEBRING 5.4 WNW,FL,-81.5314,27.528,150
US1FLHL0023,LAKE PLACID 4.0 NE,FL,-81.321,27.3358,49
US1FLHL0025,AVON PARK 2.2 E,FL,-81.4684,27.5883,99
US1FLHM0001,JASPER 5.5 S,FL,-82.9442,30.4387,151
US1FLHM0002,JENNINGS 5.8 WSW,FL,-83.194,30.5641,125
US1FLHM0003,JENNINGS 4.1 S,FL,-83.1112,30.5414,134
US1FLHN0001,SPRING HILL 1.6 NNW,FL,-82.5743,28.5028,49
US1FLHN0002,SPRING HILL 1.5 NNE,FL,-82.5499,28.5017,66
US1FLHN0004,SOUTH BROOKSVILLE 1.7 WSW,FL,-82.4294,28.5264,72
US1FLHN0005,BROOKSVILLE 5.5 SE,FL,-82.3197,28.5082,154
US1FLHN0006,RIDGE MANOR 0.2 E,FL,-82.1801,28.5034,95
US1FLHN0007,SPRING HILL 3.3 SE,FL,-82.5236,28.4475,82
US1FLHN0008,WEEKI WACHEE 3.0 N,FL,-82.5781,28.5586,26
US1FLHN0009,HIGH POINT 0.2 E,FL,-82.5231,28.547,85
US1FLHN0011,NORTH BROOKSVILLE 6.3 NE,FL,-82.3385,28.6396,141
US1FLHN0013,BROOKRIDGE 2.2 WSW,FL,-82.5253,28.5382,62
US1FLHN0014,SPRING HILL 2.4 NW,FL,-82.6018,28.4955,16
US1FLHN0015,BROOKRIDGE 1.4 NNW,FL,-82.5037,28.5682,72
US1FLHN0017,BROOKSVILLE 1.2 E,FL,-82.3736,28.5553,166
US1FLHN0019,BROOKRIDGE 2.3 SE,FL,-82.4629,28.529,88
US1FLHS0001,BONIFAY 6.8 N,FL,-85.6643,30.8813,154
US1FLHS0002,BONIFAY 7.1 N,FL,-85.7066,30.8853,91
US1FLHY0002,CLEWISTON 21.1 SSW,FL,-81.0339,26.4602,24
US1FLHY0003,LA BELLE 2.3 WNW,FL,-81.4748,26.7639,16
US1FLHY0004,CLEWISTON 29.5 S,FL,-80.9937,26.3293,18
US1FLIR0001,SEBASTIAN 1.4 NNE,FL,-80.4734,27.8064,39
US1FLIR0002,VERO BEACH SOUTH 10.0 W,FL,-80.5769,27.6222,30
US1FLIR0004,SEBASTIAN 1.1 NE,FL,-80.4706,27.8004,43
US1FLIR0006,VERO BEACH 2.4 W,FL,-80.4339,27.6438,20
US1FLIR0007,VERO BEACH 3.1 ESE,FL,-80.3515,27.6228,10
US1FLIR0008,VERO BEACH 11.4 NW,FL,-80.5448,27.7628,23
US1FLIR0009,VERO BEACH 4.3 SE,FL,-80.3726,27.5963,2
US1FLIR0013,VERO BEACH 2.1 ENE,FL,-80.362,27.6578,4
US1FLIR0015,VERO BEACH 1.5 WSW,FL,-80.4174,27.6414,39
US1FLIR0018,SEBASTIAN 1.0 NW,FL,-80.4902,27.7983,39
US1FLIR0019,SEBASTIAN 2.0 SSW,FL,-80.4927,27.7598,26
US1FLIR0022,SEBASTIAN 1.7 SSE,FL,-80.4742,27.7634,20
US1FLIR0024,VERO BEACH 3.4 W,FL,-80.4494,27.6429,19
US1FLIR0026,VERO BEACH 3.5 SSW,FL,-80.4166,27.5996,19
US1FLIR0027,VERO BEACH 2.5 S,FL,-80.393,27.6102,21
US1FLIR0028,VERO BEACH 3.5 NW,FL,-80.4362,27.6813,19
US1FLIR0029,VERO BEACH 6.0 SSE,FL,-80.3889,27.5598,19
US1FLIR0031,VERO BEACH SOUTH 3.4 SSW,FL,-80.4398,27.5728,36
US1FLJF0001,MONTICELLO 0.2 ESE,FL,-83.8677,30.5405,249
US1FLJF0003,WACISSA 1.1 SW,FL,-83.9977,30.345,33
US1FLJF0004,MONTICELLO 6.8 NNE,FL,-83.812,30.6271,126
US1FLJF0005,MONTICELLO 3.6 WSW,FL,-83.927,30.5242,180
US1FLJF0007,LAMONT 7.7 SW,FL,-83.8973,30.2925,37
US1FLJK0002,ALFORD 0.6 SSE,FL,-85.3929,30.6872,136
US1FLLB0001,TELOGIA 2.5 SE,FL,-84.78,30.33,96
US1FLLB0003,HOSFORD 2.7 SW,FL,-84.8174,30.3518,112
US1FLLE0001,FORT MYERS 3.7 NE,FL,-81.8224,26.6693,10
US1FLLE0003,NORTH FORT MYERS 1.4 SW,FL,-81.9083,26.69,23
US1FLLE0004,CAPE CORAL 1.7 NE,FL,-81.9348,26.5837,1
US1FLLE0005,LEHIGH ACRES 4.2 WSW,FL,-81.6945,26.5767,36
US1FLLE0006,BUCKINGHAM 1.7 SE,FL,-81.7138,26.6586,43
US1FLLE0010,BONITA SPRINGS 4.7 NW,FL,-81.8281,26.3969,39
US1FLLE0011,NORTH FORT MYERS 3.8 NE,FL,-81.8548,26.7485,56
US1FLLE0012,ST. JAMES CITY 6.4 NNW,FL,-82.1089,26.5891,5
US1FLLE0013,CAPE CORAL 5.1 WSW,FL,-82.0327,26.5581,13
US1FLLE0015,CAPTIVA 1.2 SSW,FL,-82.1886,26.5044,9
US1FLLE0017,CYPRESS LAKE 1.8 SW,FL,-81.917,26.5174,4
US1FLLE0022,SAINT JAMES CITY 0.4 SSE,FL,-82.0774,26.4946,
US1FLLE0023,CAPE CORAL 3.9 NE,FL,-81.935,26.6977,13
US1FLLE0024,BOKEELIA 6.6 SSE,FL,-82.1236,26.6148,3
US1FLLE0027,BOKEELIA 5.2 SE,FL,-82.1273,26.6358,6
US1FLLE0029,CYPRESS LAKE 0.7 S,FL,-81.9004,26.5273,4
US1FLLE0030,FORT MYERS 7.4 ESE,FL,-81.8155,26.4726,13
US1FLLK0002,EUSTIS 1.2 SE,FL,-81.67,28.8439,161
US1FLLK0003,GROVELAND 1.7 E,FL,-81.824,28.565,112
US1FLLK0004,BASSVILLE PARK 1.0 NE,FL,-81.7556,28.8483,89
US1FLLK0006,LADY LAKE 1.2 W,FL,-81.9479,28.9264,72
US1FLLK0009,MINNEOLA 1.8 NW,FL,-81.7693,28.592,180
US1FLLK0010,CLERMONT 0.4 SW,FL,-81.7628,28.5472,148
US1FLLK0012,LAKE GRIFFIN STATE PARK,FL,-81.9025,28.8575,98
US1FLLK0014,CLERMONT 3.6 E,FL,-81.6991,28.5526,160
US1FLLN0001,TALLAHASSEE 7.2 NW,FL,-84.3656,30.5309,103
US1FLLN0002,TALLAHASSEE 2.7 SW,FL,-84.3227,30.422,87
US1FLLN0003,TALLAHASSEE 2.7 NE,FL,-84.2466,30.4812,121
US1FLLN0004,TALLAHASSEE 5.7 SE,FL,-84.22,30.3938,98
US1FLLN0005,TALLAHASSEE 10.8 SE,FL,-84.133,30.367,62
US1FLLN0008,TALLAHASSEE 2.6 WNW,FL,-84.3182,30.4766,200
US1FLLN0009,TALLAHASSEE 2.7 NE,FL,-84.2508,30.4856,134
US1FLLN0010,TALLAHASSEE 1.3 SW,FL,-84.2997,30.4463,171
US1FLLN0012,TALLAHASSEE 1.8 NW,FL,-84.3019,30.4757,187
US1FLLN0015,TALLAHASSEE 6.1 E,FL,-84.1788,30.4608,95
US1FLLN0017,TALLAHASSEE 4.3 N,FL,-84.2788,30.5195,197
US1FLLN0018,MIDWAY 6.9 SW,FL,-84.5437,30.4202,148
US1FLLN0020,TALLAHASSEE 5.7 NNE,FL,-84.2497,30.5348,157
US1FLLN0022,TALLAHASSEE 8.3 N,FL,-84.2558,30.5756,141
US1FLLN0023,TALLAHASSEE 0.6 SE,FL,-84.2754,30.4495,167
US1FLLN0025,TALLAHASSEE 3.5 N,FL,-84.2835,30.5082,98
US1FLLN0026,TALLAHASSEE 2.8 N,FL,-84.2847,30.4968,163
US1FLLN0027,TALLAHASSEE 4.5 N,FL,-84.2913,30.5211,158
US1FLLN0028,TALLAHASSEE 3.3 SSE,FL,-84.2568,30.414,79
US1FLLN0029,TALLAHASSEE 3.1 NW,FL,-84.3107,30.4935,119
US1FLLN0031,TALLAHASSEE 14.2 NE,FL,-84.1126,30.6033,144
US1FLLN0033,TALLAHASSEE 6.1 SE,FL,-84.2159,30.389,72
US1FLLN0034,TALLAHASSEE 9.6 N,FL,-84.2679,30.595,122
US1FLLN0035,TALLAHASSEE 11.3 NE,FL,-84.135,30.5606,171
US1FLLN0037,TALLAHASSEE 3.6 W,FL,-84.3415,30.4654,95
US1FLLN0039,TALLAHASSEE 5.8 NE,FL,-84.2094,30.5137,220
US1FLLN0041,TALLAHASSEE 10.8 N,FL,-84.2568,30.6116,161
US1FLLN0045,TALLAHASSEE 10.2 NE,FL,-84.1463,30.5486,134
US1FLLN0047,TALLAHASSEE 5.2 E,FL,-84.1949,30.4425,104
US1FLLV0001,DUNNELLON 10.1 NW,FL,-82.5611,29.1569,62
US1FLLV0002,BRONSON 4.4 SE,FL,-82.596,29.3963,68
US1FLLV0004,BRONSON 3.0 SE,FL,-82.6015,29.4208,89
US1FLLV0009,CHIEFLAND 8.5 ENE,FL,-82.7226,29.5031,52
US1FLMA0002,LONGBOAT KEY 1.4 NW,FL,-82.6506,27.4038,4
US1FLMA0003,PALMETTO 1.2 W,FL,-82.5975,27.5237,16
US1FLMA0004,WIMAUMA 10.8 SE,FL,-82.1895,27.5969,118
US1FLMA0005,ELLENTON 6.9 E,FL,-82.4162,27.5331,7
US1FLMA0006,ELLENTON 6.6 E,FL,-82.422,27.54,33
US1FLMA0008,BRADENTON 3.6 W,FL,-82.6373,27.4942,23
US1FLMA0009,ELLENTON 2.2 NE,FL,-82.5049,27.5481,24
US1FLMA0010,BRADENTON 10.8 SE,FL,-82.4152,27.4309,59
US1FLMA0011,BRADENTON 2.0 WSW,FL,-82.6094,27.4768,19
US1FLMD0002,MIAMI 4.9 NNE,FL,-80.1803,25.8444,3
US1FLMD0003,LINDGREN ACRES 0.5 WSW,FL,-80.4087,25.6682,26
US1FLMD0006,MIAMI LAKES 2.1 N,FL,-80.32,25.94,26
US1FLMD0007,SUNSET 2.4 SW,FL,-80.3815,25.6835,36
US1FLMD0008,TAMIAMI 1.6 N,FL,-80.3984,25.7809,33
US1FLMD0010,SOUTH MIAMI HEIGHTS 1.3 SSW,FL,-80.3948,25.5715,23
US1FLMD0017,CUTLER 1.3 SW,FL,-80.3329,25.6166,5
US1FLMD0022,HAMMOCKS 0.5 SSE,FL,-80.4395,25.665,9
US1FLMD0023,MIAMI 4.1 SE,FL,-80.1636,25.7349,4
US1FLMD0026,MIAMI LAKES 0.3 NNW,FL,-80.3165,25.9136,3
US1FLMN0001,BIG COPPITT KEY 0.2 NW,FL,-81.6622,24.5986,
US1FLMN0004,KEY LARGO 5.3 SW,FL,-80.4942,25.0453,2
US1FLMN0006,CUDJOE KEY 0.9 SSW,FL,-81.5063,24.6594,16
US1FLMN0008,ISLAMORADA 7.8 SW,FL,-80.7352,24.8515,23
US1FLMN0009,MARATHON 1.7 ENE,FL,-81.0552,24.7194,13
US1FLMN0016,KEY WEST 1.3 ENE,FL,-81.7559,24.5695,1
US1FLMR0001,SUMMERFIELD 4.9 SE,FL,-81.9695,28.9669,98
US1FLMR0003,BELLEVIEW 6.0 SSE,FL,-82.0245,28.9774,92
US1FLMR0004,LADY LAKE 4.8 WNW,FL,-81.9979,28.9609,92
US1FLMR0005,BELLEVIEW 4.5 SE,FL,-81.9967,29.018,108
US1FLMR0008,LADY LAKE 5.2 NW,FL,-81.9961,28.9758,105
US1FLMR0012,OCALA WEATHER SERVICE,FL,-82.1738,29.0805,92
US1FLMR0013,MICANOPY 3.6 SSW,FL,-82.2998,29.4571,197
US1FLMR0016,OCALA 2.8 SSE,FL,-82.1055,29.1527,135
US1FLMR0018,BELLEVIEW 4.8 E,FL,-81.9759,29.0609,61
US1FLMR0019,THE VILLAGES 2.6 NW,FL,-82.0121,28.9637,72
US1FLMR0020,THE VILLAGES 2.7 NNW,FL,-81.9986,28.9744,85
US1FLMR0022,OCKLAWAHA 4.9 NE,FL,-81.8391,29.1365,54
US1FLMR0023,SUMMERFIELD 2.8 SW,FL,-82.0723,28.9782,60
US1FLMR0026,SUMMERFIELD 3.1 NE,FL,-82.0003,29.0362,90
US1FLMS0002,MADISON 8.3 NNE,FL,-83.3775,30.5843,131
US1FLMT0001,PALM CITY 4.0 SW,FL,-80.3169,27.1222,39
US1FLMT0005,HOBE SOUND 3.9 NW,FL,-80.1836,27.1123,14
US1FLMT0007,STUART 3.7 SW,FL,-80.2079,27.1335,14
US1FLMT0011,STUART 5.0 SE,FL,-80.1964,27.1181,14
US1FLMT0013,OKEECHOBEE 16.4 ESE,FL,-80.5756,27.1681,38
US1FLMT0015,HOBE SOUND 2.1 SSE,FL,-80.1214,27.0464,21
US1FLMT0016,CANAL POINT 9.9 NNE,FL,-80.5739,26.993,23
US1FLNS0002,HILLIARD 5.4 NW,FL,-81.9849,30.7521,105
US1FLNS0006,YULEE 0.7 NNW,FL,-81.5795,30.641,26
US1FLNS0009,CALLAHAN 5.0 SSE,FL,-81.8142,30.491,13
US1FLNS0010,HEDGES 0.3 ESE,FL,-81.5947,30.5979,23
US1FLNS0011,FERNANDINA BEACH 1.2 NW,FL,-81.4621,30.6713,12
US1FLOB0002,OKEECHOBEE 27.1 NNW,FL,-81.0456,27.5847,60
US1FLOK0001,NICEVILLE 3.6 SE,FL,-86.4398,30.4939,36
US1FLOK0002,EGLIN AFB 5.6 NE,FL,-86.4924,30.5244,62
US1FLOK0003,NICEVILLE 2.3 SE,FL,-86.4592,30.5049,46
US1FLOK0004,MARY ESTHER 6.2 W,FL,-86.7612,30.4141,39
US1FLOK0007,FORT WALTON BEACH 1.1 SSE,FL,-86.6097,30.4078,13
US1FLOK0008,NICEVILLE 1.1 WNW,FL,-86.5013,30.5341,76
US1FLOK0010,CRESTVIEW 6.4 WSW,FL,-86.6722,30.711,177
US1FLOK0012,FORT WALTON BEACH 1.1 NNW,FL,-86.6233,30.4382,36
US1FLOK0013,CRESTVIEW 3.0 NE,FL,-86.5355,30.7803,167
US1FLOK0014,MARY ESTHER 0.4 WNW,FL,-86.6635,30.4132,49
US1FLOK0015,NICEVILLE 4.5 SE,FL,-86.4372,30.4784,30
US1FLOK0016,SHALIMAR 1.0 N,FL,-86.5815,30.4586,56
US1FLOK0017,OCEAN CITY 1.3 NNW,FL,-86.6154,30.4552,49
US1FLOK0018,BAKER 8.2 NE,FL,-86.5951,30.8841,154
US1FLOK0019,DESTIN 1.0 E,FL,-86.4577,30.3891,36
US1FLOK0020,NICEVILLE 3.4 ESE,FL,-86.4305,30.5123,79
US1FLOK0021,FORT WALTON BEACH 3.4 NNW,FL,-86.6496,30.4633,72
US1FLOK0023,CRESTVIEW 1.9 SE,FL,-86.555,30.73,187
US1FLOK0024,CRESTVIEW 2.8 NNW,FL,-86.596,30.788,177
US1FLOK0025,CRESTVIEW 3.7 N,FL,-86.5675,30.805,249
US1FLOK0026,WRIGHT 0.8 N,FL,-86.6411,30.4575,76
US1FLOK0027,CRESTVIEW 2.5 SSW,FL,-86.5909,30.7193,164
US1FLOK0028,DESTIN 1.5 WNW,FL,-86.4954,30.4023,36
US1FLOK0029,MARY ESTHER 0.6 E,FL,-86.6475,30.4109,16
US1FLOK0032,NICEVILLE 5.6 SE,FL,-86.4117,30.4789,52
US1FLOR0001,UNION PARK 2.9 SSE,FL,-81.2255,28.5223,85
US1FLOR0004,WINTER PARK 2.3 ESE,FL,-81.3086,28.5824,112
US1FLOR0006,OCOEE 0.5 SSW,FL,-81.5352,28.5651,103
US1FLOR0009,WINTER PARK 2.1 ESE,FL,-81.3109,28.5858,89
US1FLOR0010,UNION PARK 3.9 E,FL,-81.1718,28.5599,72
US1FLOR0013,ORLANDO 1.2 ENE,FL,-81.3549,28.5082,103
US1FLOR0014,ORLANDO 1.3 E,FL,-81.3527,28.5027,100
US1FLOS0001,POINCIANA PLACE 2.6 NNW,FL,-81.4997,28.193,89
US1FLOS0015,ST. CLOUD 1.7 SSW,FL,-81.2991,28.2186,69
US1FLOS0016,ST. CLOUD 0.1 WNW,FL,-81.2913,28.2426,50
US1FLPB0001,GREENACRES CITY 2.5 W,FL,-80.1804,26.6241,16
US1FLPB0002,ABERDEEN 3.7 WNW,FL,-80.2026,26.5755,17
US1FLPB0005,JUPITER 8.5 W,FL,-80.2431,26.9271,19
US1FLPB0007,SUN VALLEY 0.8 SW,FL,-80.145,26.518,19
US1FLPB0008,ABERDEEN 0.6 N,FL,-80.1474,26.5589,26
US1FLPB0009,JUPITER 7.9 W,FL,-80.2299,26.9458,30
US1FLPB0012,ABERDEEN 4.2 NNW,FL,-80.1721,26.607,39
US1FLPB0013,LAKE WORTH 1.0 NNW,FL,-80.0661,26.6331,52
US1FLPB0016,GREENACRES 1.8 NNW,FL,-80.1475,26.6551,17
US1FLPB0018,BOYNTON BEACH 2.3 NNW,FL,-80.094,26.5578,13
US1FLPB0019,LAKE WORTH 1.2 N,FL,-80.0558,26.6362,15
US1FLPB0020,LAKE WORTH 8.9 W,FL,-80.2021,26.6211,17
US1FLPB0024,BOCA RATON 2.9 N,FL,-80.1086,26.4147,13
US1FLPB0025,BOYNTON BEACH 1.9 NNW,FL,-80.0889,26.5537,9
US1FLPB0027,BOCA RATON 8.7 W,FL,-80.2238,26.3559,26
US1FLPK0001,AUBURNDALE 3.0 SSW,FL,-81.8198,28.0314,131
US1FLPK0002,POLK CITY 1.1 S,FL,-81.8219,28.1669,154
US1FLPK0003,LAKELAND 3.8 NW,FL,-82.0078,28.0754,187
US1FLPK0005,WINTER HAVEN 4.9 E,FL,-81.814,28.022,118
US1FLPK0007,AUBURNDALE 1.7 NW,FL,-81.8158,28.09,138
US1FLPK0009,DUNDEE 0.3 NW,FL,-81.6238,28.0237,158
US1FLPK0011,LAKELAND HIGHLANDS 1.5 ENE,FL,-81.9282,27.9704,224
US1FLPK0012,DAVENPORT 2.2 NNW,FL,-81.6183,28.1904,141
US1FLPK0014,LAKELAND 0.6 ESE,FL,-81.95,28.0392,216
US1FLPK0015,EAGLE LAKE 2.0 WNW,FL,-81.7902,27.9855,148
US1FLPK0018,LAKELAND HIGHLANDS 0.3 SE,FL,-81.946,27.957,230
US1FLPK0019,DUNDEE 0.4 ESE,FL,-81.6145,28.0188,207
US1FLPK0020,HAINES CITY 1.0 NW,FL,-81.64,28.12,151
US1FLPK0021,LAKE WALES 5.8 NNE,FL,-81.539,27.973,98
US1FLPK0022,SOLIVITA 2.0 SSW,FL,-81.4789,28.1141,56
US1FLPK0023,FROSTPROOF 3.1 ENE,FL,-81.4822,27.7596,79
US1FLPK0026,HAINES CITY 3.3 SSW,FL,-81.6492,28.0645,121
US1FLPK0028,LAKELAND HIGHLANDS 2.5 ESE,FL,-81.9124,27.9451,180
US1FLPK0031,LAKELAND 1.1 SSE,FL,-81.9503,28.0282,145
US1FLPK0032,LAKELAND 5.3 WNW,FL,-82.0423,28.065,112
US1FLPK0034,LAKELAND 6.9 SW,FL,-81.9956,27.9608,108
US1FLPK0035,FROSTPROOF 4.6 SW,FL,-81.589,27.7027,158
US1FLPK0037,LAKELAND 8.7 SW,FL,-82.0424,27.9524,119
US1FLPK0038,LAKE WALES 4.6 NW,FL,-81.66,27.96,141
US1FLPK0039,BARTOW 7.8 SE,FL,-81.7433,27.8285,190
US1FLPK0043,FROSTPROOF 6.3 ESE,FL,-81.4402,27.7038,86
US1FLPN0001,LARGO 2.2 ESE,FL,-82.748,27.8964,17
US1FLPN0002,PALM HARBOR 2.2 SSE,FL,-82.7537,28.0569,19
US1FLPN0003,TREASURE ISLAND 0.2 ENE,FL,-82.766,27.7683,
US1FLPN0004,ST.PETERSBURG 5.0 WNW,FL,-82.7103,27.8016,20
US1FLPN0005,SEMINOLE 2.3 NNW,FL,-82.8039,27.8705,69
US1FLPN0006,SOUTH PASADENA 1.0 NE,FL,-82.7315,27.7635,12
US1FLPN0007,PINELLAS PARK 0.2 S,FL,-82.7057,27.8549,30
US1FLPN0008,REDINGTON SHORES 0.3 SE,FL,-82.8293,27.826,3
US1FLPN0009,ST. PETERSBURG 2.3 SSE,FL,-82.6325,27.7255,23
US1FLPN0013,ST. PETERSBURG 2.3 SSW,FL,-82.6592,27.7286,36
US1FLPN0014,ST. PETERSBURG 3.9 N,FL,-82.6434,27.8139,10
US1FLPN0016,CLEARWATER 2.2 S,FL,-82.7605,27.948,59
US1FLPN0017,SOUTH PASADENA 0.6 E,FL,-82.7309,27.7532,2
US1FLPN0018,PALM HARBOR 0.5 NW,FL,-82.7687,28.0923,33
US1FLPN0020,PALM HARBOR 3.4 SE,FL,-82.6973,28.0893,82
US1FLPN0021,SEMINOLE 1.1 SSE,FL,-82.7824,27.8264,36
US1FLPN0022,ST. PETERSBURG 1.3 SE,FL,-82.6253,27.7454,
US1FLPN0023,BAY PINES 1.5 E,FL,-82.7505,27.8132,12
US1FLPN0024,GULFPORT 2.8 NNE,FL,-82.6864,27.7801,44
US1FLPN0026,ST. PETERSBURG 3.1 WNW,FL,-82.69,27.772,46
US1FLPN0030,LARGO 1.5 E,FL,-82.757,27.9078,14
US1FLPN0033,ST. PETERSBURG 2.4 NW,FL,-82.6689,27.7841,41
US1FLPN0034,ST. PETERSBURG 3.2 NNW,FL,-82.6546,27.8033,50
US1FLPN0035,GULFPORT 0.9 NNW,FL,-82.7164,27.7588,19
US1FLPN0036,DUNEDIN 2.8 ESE,FL,-82.7645,28.0347,66
US1FLPS0001,HUDSON 1.1 ESE,FL,-82.6836,28.3505,16
US1FLPS0002,ELFERS 4.4 ESE,FL,-82.6599,28.1829,56
US1FLPS0004,PORT RICHEY 2.0 NNE,FL,-82.7146,28.3014,13
US1FLPS0006,LUTZ 3.4 NE,FL,-82.4223,28.1714,85
US1FLPS0007,ZEPHYRHILLS 2.6 NNW,FL,-82.1941,28.2698,155
US1FLPS0008,ZEPHYRHILLS 0.9 ENE,FL,-82.1638,28.242,105
US1FLPS0009,ZEPHYRHILLS 3.8 WSW,FL,-82.229,28.2058,95
US1FLPS0010,DADE CITY 1.8 WSW,FL,-82.2225,28.3522,132
US1FLPS0012,NEW PORT RICHEY 1.1 NNW,FL,-82.7237,28.2631,23
US1FLPS0014,ZEPHYRHILLS 2.1 NW,FL,-82.1988,28.2595,121
US1FLPS0015,DADE CITY 4.3 N,FL,-82.206,28.4225,125
US1FLPS0016,DADE CITY 4.7 WNW,FL,-82.2718,28.376,207
US1FLPS0017,PORT RICHEY 2.3 ENE,FL,-82.6915,28.2839,43
US1FLPS0018,ZEPHYRHILLS NORTH 2.3 N,FL,-82.1614,28.2839,161
US1FLPS0021,DADE CITY 4.3 S,FL,-82.1839,28.3007,138
US1FLPS0022,ZEPHYRHILLS 3.4 NNW,FL,-82.2025,28.2792,105
US1FLPS0023,DADE CITY 4.6 SSE,FL,-82.1773,28.2968,131
US1FLPS0024,ZEPHYRHILLS WEST 2.2 SW,FL,-82.2329,28.2112,105
US1FLPS0031,NEW PORT RICHEY 2.0 ENE,FL,-82.6855,28.2541,20
US1FLPS0034,LUTZ 2.8 N,FL,-82.4585,28.1792,82
US1FLPS0038,HUDSON 2.5 ENE,FL,-82.6656,28.3772,41
US1FLPS0039,ZEPHYRHILLS 3.9 W,FL,-82.2394,28.226,85
US1FLPT0001,INTERLACHEN 10.4 NNE,FL,-81.8385,29.7587,128
US1FLPT0004,SATSUMA 0.2 WSW,FL,-81.6579,29.5517,92
US1FLPT0007,SATSUMA 4.0 NE,FL,-81.6063,29.5909,10
US1FLPT0008,EAST PALATKA 3.5 NNW,FL,-81.6264,29.6962,7
US1FLSJ0002,ST. AUGUSTINE SHORES 0.7 ESE,FL,-81.2995,29.8073,36
US1FLSJ0004,ST. AUGUSTINE SOUTH 2.1 SSW,FL,-81.3319,29.8129,52
US1FLSJ0007,ST. AUGUSTINE SOUTH 2.5 SSW,FL,-81.3275,29.8085,23
US1FLSL0002,PORT ST. LUCIE 3.2 N,FL,-80.3524,27.3264,39
US1FLSL0003,PORT ST. LUCIE 1.7 WSW,FL,-80.3814,27.2742,21
US1FLSL0004,LAKEWOOD PARK 0.5 SW,FL,-80.3952,27.5318,43
US1FLSL0009,PORT ST. LUCIE 1.2 WSW,FL,-80.3734,27.2744,30
US1FLSL0011,FORT PIERCE 2.8 SSE,FL,-80.3286,27.3864,10
US1FLSL0013,PORT ST. LUCIE 2.4 SSW,FL,-80.3718,27.2494,36
US1FLSL0015,FORT PIERCE 3.4 NNE,FL,-80.3035,27.4874,1
US1FLSL0017,TRADITION 5.6 W,FL,-80.4454,27.2681,23
US1FLSL0019,PORT ST. LUCIE 4.0 NE,FL,-80.3111,27.3237,14
US1FLSL0020,PORT ST. LUCIE 5.0 ESE,FL,-80.2749,27.2649,14
US1FLSL0022,PORT ST. LUCIE 2.4 N,FL,-80.3563,27.3138,16
US1FLSL0023,PORT ST. LUCIE 4.7 W,FL,-80.4303,27.2826,23
US1FLSL0027,FORT PIERCE 4.8 N,FL,-80.313,27.511,
US1FLSM0001,ALTAMONTE SPRINGS 1.3 N,FL,-81.394,28.6815,125
US1FLSM0002,WINTER SPRINGS 0.9 NNW,FL,-81.2825,28.6926,43
US1FLSM0004,SANFORD 0.4 ENE,FL,-81.27,28.7904,82
US1FLSM0005,LONGWOOD 2.3 WNW,FL,-81.38,28.7193,82
US1FLSM0008,CHULUOTA 0.9 N,FL,-81.1209,28.652,59
US1FLSM0011,LONGWOOD 5.1 W,FL,-81.4303,28.6984,45
US1FLSM0012,OVIEDO 4.0 W,FL,-81.2474,28.6593,51
US1FLSM0013,WINTER PARK 3.7 ENE,FL,-81.2854,28.6134,84
US1FLSR0001,PACE 0.9 SE,FL,-87.149,30.5914,79
US1FLSR0002,MILTON 1.4 NNE,FL,-87.0408,30.6513,161
US1FLSR0004,PACE 2.4 N,FL,-87.1593,30.634,187
US1FLSR0005,GULF BREEZE 5.6 E,FL,-87.0829,30.3784,23
US1FLSR0008,NAVARRE 2.3 NNW,FL,-86.8744,30.4333,23
US1FLSR0009,MILTON 10.9 SSW,FL,-87.088,30.475,7
US1FLSR0010,NAVARRE 3.0 ENE,FL,-86.8131,30.4091,28
US1FLSR0012,NAVARRE 2.1 WNW,FL,-86.8978,30.4089,29
US1FLSR0013,NAVARRE 3.0 NW,FL,-86.9063,30.4237,32
US1FLSR0016,GULF BREEZE 7.9 ENE,FL,-87.0474,30.3978,14
US1FLSS0002,SARASOTA 2.2 WSW,FL,-82.5789,27.3212,3
US1FLSS0003,SARASOTA 4.0 E,FL,-82.4662,27.3399,25
US1FLSS0004,SARASOTA 2.8 NE,FL,-82.4915,27.3574,24
US1FLSS0005,ENGLEWOOD 2.5 WNW,FL,-82.3921,26.9739,20
US1FLSS0006,GULF GATE ESTATES 1.0 S,FL,-82.5046,27.2449,33
US1FLSS0007,VENICE 2.9 SE,FL,-82.4037,27.0642,10
US1FLSS0008,VENICE 2.4 SSE,FL,-82.4213,27.0639,36
US1FLSS0010,SARASOTA 5.8 SE,FL,-82.4885,27.261,36
US1FLSS0011,SARASOTA SPRINGS 0.3 ESE,FL,-82.4756,27.3076,24
US1FLSS0012,LAKE SARASOTA 4.0 ESE,FL,-82.3834,27.2615,39
US1FLSS0015,NORTH PORT 4.7 NNE,FL,-82.1657,27.1132,56
US1FLSS0016,VENICE 0.7 SW,FL,-82.4396,27.0903,23
US1FLSS0018,SARASOTA SPRINGS 1.8 N,FL,-82.4831,27.3351,39
US1FLSS0019,SARASOTA SPRINGS 0.9 SE,FL,-82.4685,27.3007,24
US1FLSS0020,SOUTH GATE RIDGE 0.5 E,FL,-82.4882,27.2856,43
US1FLSS0022,ENGLEWOOD 2.0 NNW,FL,-82.3654,26.9865,10
US1FLSS0024,ENGLEWOOD 1.9 NNW,FL,-82.3676,26.9845,10
US1FLSS0025,NORTH PORT 1.2 NNW,FL,-82.1992,27.0664,16
US1FLSS0027,SARASOTA 4.9 SE,FL,-82.4621,27.2996,20
US1FLSS0028,NORTH PORT 5.6 E,FL,-82.1059,27.0649,26
US1FLSS0032,VENICE 5.1 SSE,FL,-82.3987,27.0309,14
US1FLSS0033,SARASOTA 2.3 SSE,FL,-82.5332,27.3051,20
US1FLSS0034,NORTH PORT 2.6 E,FL,-82.1527,27.0545,19
US1FLSS0037,VENICE 3.8 SE,FL,-82.392,27.0556,14
US1FLST0001,WILDWOOD 6.9 NNE,FL,-82.0131,28.9511,85
US1FLST0004,LADY LAKE 3.2 WSW,FL,-81.9735,28.903,92
US1FLST0006,THE VILLAGES 2.8 SW,FL,-81.9724,28.8981,76
US1FLST0007,LADY LAKE 5.0 W,FL,-82.0119,28.9249,69
US1FLST0008,THE VILLAGES 3.5 WSW,FL,-82.006,28.931,95
US1FLST0009,LADY LAKE 4.3 SSW,FL,-81.9544,28.8699,66
US1FLST0011,LADY LAKE 5.2 W,FL,-82.0143,28.9408,66
US1FLST0012,THE VILLAGES 4.8 SSW,FL,-81.9842,28.8687,77
US1FLST0013,THE VILLAGES 2.7 NNW,FL,-81.973,28.9003,93
US1FLST0014,THE VILLAGES 3.3 SSE,FL,-81.9745,28.8916,69
US1FLST0017,BUSHNELL 5.0 W,FL,-82.1952,28.6766,52
US1FLSW0001,LIVE OAK 0.4 NE,FL,-82.9818,30.2985,108
US1FLSW0002,LIVE OAK 9.1 NW,FL,-83.0857,30.3932,125
US1FLSW0007,LAKE CITY 9.9 W,FL,-82.8059,30.1725,112
US1FLSW0008,LIVE OAK 10.0 W,FL,-83.1533,30.3067,80
US1FLUN0001,LAKE BUTLER 0.8 ENE,FL,-82.3268,30.0256,131
US1FLUN0004,LAKE BUTLER 11.9 W,FL,-82.5369,30.0036,118
US1FLVL0001,NEW SMYRNA BEACH 1.5 E,FL,-80.8947,29.0314,23
US1FLVL0002,EDGEWATER 3.3 SE,FL,-80.8691,28.9312,16
US1FLVL0003,DE LAND 4.5 NW,FL,-81.344,29.087,92
US1FLVL0004,DE LEON SPRINGS 0.4 SE,FL,-81.348,29.113,79
US1FLVL0005,ORMOND BEACH 3.5 SE,FL,-81.0472,29.265,23
US1FLVL0006,EDGEWATER 2.4 N,FL,-80.9098,29.0019,7
US1FLVL0007,DELTONA 2.9 SE,FL,-81.1804,28.8764,49
US1FLVL0009,DE LAND 5.7 NW,FL,-81.3569,29.0995,69
US1FLVL0012,DAYTONA BEACH 9.1 WSW,FL,-81.1791,29.1205,38
US1FLVL0013,NEW SMYRNA BEACH 2.9 SW,FL,-80.9537,29.0059,2
US1FLVL0014,ORANGE CITY 0.5 SSW,FL,-81.2951,28.929,64
US1FLVL0017,DE BARY 2.5 W,FL,-81.3534,28.8862,22
US1FLWK0001,ST. MARKS 9.2 W,FL,-84.3602,30.1834,19
US1FLWK0002,ST. MARKS 8.2 SW,FL,-84.2857,30.0657,3
US1FLWK0004,CRAWFORDVILLE 2.5 NE,FL,-84.3443,30.2003,19
US1FLWK0007,CRAWFORDVILLE 7.3 SSE,FL,-84.3262,30.0795,4
US1FLWS0001,VERNON 10.6 WSW,FL,-85.873,30.5678,66
US1FLWT0001,FREEPORT 4.0 SSW,FL,-86.1596,30.4455,10
US1FLWT0002,FREEPORT 3.4 S,FL,-86.1422,30.4518,
US1FLWT0003,MIRAMAR BEACH 9.5 ESE,FL,-86.2048,30.3463,36
US1FLWT0004,FREEPORT 4.4 SE,FL,-86.0801,30.458,26
US1FLWT0005,DE FUNIAK SPRINGS 12.5 NW,FL,-86.2757,30.8445,262
US1FLWT0006,DEFUNIAK SPRINGS 3.6 NW,FL,-86.157,30.762,247
US1FLWT0010,CRESTVIEW 13.1 ENE,FL,-86.3637,30.8093,223
US1FLWT0012,DE FUNIAK SPRINGS 2.9 N,FL,-86.1228,30.7617,227
US1FLWT0013,DE FUNIAK SPRINGS 5.3 NW,FL,-86.1796,30.779,194
US1FLAL0026,GAINESVILLE 1.7 SE,FL,-82.3171,29.6555,175
US1FLAL0029,GAINESVILLE 3.4 S,FL,-82.3258,29.6262,111
US1FLAL0030,GAINESVILLE 8.1 NE,FL,-82.2294,29.7449,139
US1FLAL0031,GAINESVILLE 6.5 NW,FL,-82.4162,29.738,181
US1FLAL0034,NEWBERRY 0.7 SSE,FL,-82.6083,29.6357,79
US1FLAL0035,EARLETON 3.3 S,FL,-82.0956,29.6963,132
US1FLBK0005,GLEN ST. MARY 4.4 SW,FL,-82.2189,30.237,128
US1FLBV0005,PALM BAY 3.1 NNW,FL,-80.6881,28.0235,39
US1FLBV0039,MELBOURNE 12.5 NNW,FL,-80.6931,28.2484,15
US1FLBV0042,CAPE CANAVERAL 6.5 WNW,FL,-80.7195,28.4175,5
US1FLBW0005,RIVERLAND 1.5 E,FL,-80.1634,26.0953,23
US1FLBW0033,FORT LAUDERDALE 6.0 NNE,FL,-80.1147,26.2057,4
US1FLCB0007,FORT WHITE 6.4 SE,FL,-82.6529,29.8457,48
US1FLDV0055,JACKSONVILLE 10.4 WNW,FL,-81.8048,30.4162,20
US1FLGC0008,TRENTON 4.0 NW,FL,-82.8628,29.6563,49
US1FLHB0071,TAMPA 6.1 N,FL,-82.4684,28.0377,34
US1FLJK0003,MARIANNA 3.9 E,FL,-85.1747,30.7737,118
US1FLLV0010,CHIEFLAND 2.4 WSW,FL,-82.8975,29.464,30
US1FLMD0030,SOUTH MIAMI 0.5 N,FL,-80.2968,25.7156,4
US1FLMN0013,SUGARLOAF KEY 1.0 NW,FL,-81.5382,24.6682,1
US1FLMN0018,BIG PINE KEY 3.2 NW,FL,-81.3994,24.7222,1
US1FLMT0018,STUART 1.0 ESE,FL,-80.2279,27.1883,13
US1FLOK0033,DESTIN 1.3 NW,FL,-86.4907,30.4025,14
US1FLPB0026,WELLINGTON 2.6 SSE,FL,-80.2346,26.6258,15
US1FLPN0038,PALM HARBOR 3.4 SE,FL,-82.7265,28.0503,69
US1FLPT0010,INTERLACHEN 1.3 SW,FL,-81.9143,29.6046,89
US1FLSR0007,MILTON 17.7 NNE,FL,-86.972,30.8792,177
US1FLSS0038,VENICE 2.5 SE,FL,-82.4044,27.0715,14
US1FLSS0040,VENICE 4.8 SSE,FL,-82.4121,27.0315,8
US1FLVL0018,DE LAND 0.7 W,FL,-81.3093,29.035,57
US1FLAL0032,GAINESVILLE 6.2 WSW,FL,-82.4339,29.6445,83
US1FLCR0024,PALM RIVER 3.9 E,FL,-81.7148,26.2678,13
US1FLDV0053,JACKSONVILLE 3.3 WSW,FL,-81.7116,30.325,26
US1FLHB0087,TAMPA 7.9 N,FL,-82.4799,28.0635,54
US1FLHN0020,BROOKSVILLE 2.2 NNE,FL,-82.3792,28.5843,100
US1FLIR0032,VERO BEACH 5.2 S,FL,-80.388,27.5646,19
US1FLOB0004,OKEECHOBEE 3.2 SE,FL,-80.7896,27.2118,15
US1FLPB0031,ROYAL PALM BEACH 5.0 W,FL,-80.307,26.714,17
US1FLPT0009,INTERLACHEN 2.8 NNE,FL,-81.8746,29.6517,98
US1FLSM0015,FOREST CITY 1.8 NNW,FL,-81.4538,28.6854,122
80211,APALACHICOLA  AIRPORT,FL,-85.0205,29.7258,20
US1FLAL0037,GAINESVILLE 2.6 W,FL,-82.3797,29.6793,122
US1FLBV0044,TITUSVILLE 1.8 SW,FL,-80.8376,28.5668,19
US1FLBW0024,OAKLAND PARK 1.0 NE,FL,-80.1427,26.1846,6
US1FLCR0025,NAPLES 1.4 NNW,FL,-81.8058,26.163,9
US1FLCR0026,NAPLES 6.7 NE,FL,-81.7109,26.2054,10
US1FLDV0056,JACKSONVILLE 14.0 NE,FL,-81.4855,30.4717,12
US1FLLN0049,TALLAHASSEE 4.7 N,FL,-84.2774,30.5252,223
US1FLMD0029,CORAL GABLES 1.8 NNW,FL,-80.2795,25.7171,5
US1FLPN0041,TARPON SPRINGS 5.6 E,FL,-82.6649,28.1417,28
US1FLPT0012,FLORAHOME 4.1 NNE,FL,-81.8487,29.7832,98
US1FLSR0017,MILTON 6.0 SW,FL,-87.1062,30.5596,23
US1FLWT0014,INLET BEACH 0.7 E,FL,-85.9965,30.276,14
US1FLBW0001,HOLLYWOOD 1.1 WNW,FL,-80.1394,26.0353,3
US1FLCY0023,KEYSTONE HEIGHTS 2.3 SSE,FL,-82.0128,29.7515,113
US1FLGD0004,QUINCY 7.5 SSW,FL,-84.6188,30.4816,190
US1FLHL0024,LAKE PLACID 2.6 SW,FL,-81.4005,27.2714,106
US1FLLK0016,LADY LAKE 2.5 SSW,FL,-81.9404,28.8925,79
US1FLMR0032,SUMMERFIELD 3.0 NE,FL,-81.9983,29.042,93
US1FLOR0019,UNION PARK 1.1 E,FL,-81.2185,28.5624,65
US1FLPS0043,LAND O LAKES 1.5 SSE,FL,-82.44,28.2027,88
US1FLST0021,BUSHNELL 1.0 NNW,FL,-82.1205,28.6785,68
USR0000FBLO,BLOXHAM FLORIDA,FL,-84.9886,30.5872,100
USR0000FCAC,CACHE FLORIDA,FL,-80.6803,25.3903,5
USR0000FCEN,CENTRAL FLORIDA,FL,-81.63,29.105,61
USR0000FCHE,CHEKIKA FLORIDA,FL,-80.5797,25.625,5
USR0000FLSU,LOWER SUWANNEE FLORIDA,FL,-83.0344,29.3731,15
USR0000FMER,MERRITT ISLAND FLORIDA,FL,-80.7308,28.6408,30
USR0000FMIL,MILES CITY FLORIDA,FL,-81.2967,26.2483,15
USR0000FNAV,NAVAL LIVE OAKS FLORIDA,FL,-87.1375,30.3664,15
USR0000FOAS,OASIS FLORIDA,FL,-81.03,25.85,8
USR0000FOCH,OCHOPEE FLORIDA,FL,-81.2833,25.9167,7
USR0000FOLU,OLUSTEE FLORIDA,FL,-82.4,30.2,150
USR0000FRAC,RACCOON POINT FLORIDA,FL,-80.9,25.9708,7
USR0000FSAN,SANBORN FLORIDA,FL,-84.68,30.23,74
USR0000FSTM,ST. MARKS (EAST) FLORIDA,FL,-84.1333,30.1333,15
USR0000FSUM,SUMATRA FLORIDA,FL,-84.9842,30.0175,60
USR0000FTEN,TEN MILE CORNER FLORIDA,FL,-80.8503,25.6097,5
USR0000FWIL,WILMA FLORIDA,FL,-84.9344,30.1694,50
81983,CRESTVIEW,FL,-86.56667,30.76667,272
US1FLAL0020,GAINESVILLE 1.9 ESE,FL,-82.3067,29.6649,173
US1FLBW0036,FORT LAUDERDALE 4.3 WSW,FL,-80.206,26.0968,15
US1FLDV0067,FRUIT COVE 4.0 NE,FL,-81.5668,30.1369,26
US1FLDV0069,JACKSONVILLE 6.7 WSW,FL,-81.7635,30.3033,28
US1FLES0021,PENSACOLA 9.2 NW,FL,-87.323,30.5142,82
US1FLGD0005,HAVANA 3.9 NNE,FL,-84.3898,30.6756,264
US1FLHN0022,BROOKSVILLE 3.9 SE,FL,-82.3394,28.5228,
US1FLLK0007,SORRENTO 2.2 NE,FL,-81.5351,28.8317,70
US1FLMN0021,KEY LARGO 0.9 SE,FL,-80.4318,25.0955,2
US1FLVL0024,DE LEON SPRINGS 1.3 NNW,FL,-81.3626,29.1344,3
US1FLBY0011,PANAMA CITY BEACH 1.2 ESE,FL,-85.8345,30.2018,21
US1FLDV0049,JACKSONVILLE 13.0 W,FL,-81.8711,30.2983,82
US1FLFR0002,APALACHICOLA 0.8 WNW,FL,-85.007,29.731,18
US1FLGF0003,PORT ST. JOE 8.1 NNW,FL,-85.37,29.9073,11
US1FLHL0028,AVON PARK 4.0 NNW,FL,-81.5322,27.6458,
US1FLOS0020,POINCIANA PLACE 0.5 ENE,FL,-81.4776,28.1614,70
US1FLPB0037,WELLINGTON 0.7 SE,FL,-80.2475,26.651,15
US1FLPN0051,DUNEDIN 3.0 SE,FL,-82.7761,28.0117,
US1FLPS0049,LACOOCHEE 1.0 NE,FL,-82.1569,28.4754,64
US1FLCH0020,PORT CHARLOTTE 2.7 N,FL,-82.1031,27.0236,15
US1FLCT0013,HOMOSASSA 4.1 E,FL,-82.5521,28.7925,9
US1FLMA0007,BRADENTON 0.4 SSE,FL,-82.5775,27.4828,9
US1FLMD0036,SUNSET 1.1 NE,FL,-80.3402,25.7179,8
US1FLMN0024,KEY WEST 0.5 SW,FL,-81.7809,24.5572,2
US1FLMT0017,STUART 6.9 SSW,FL,-80.2789,27.0999,14
US1FLPB0036,LANTANA 0.3 E,FL,-80.0506,26.5838,5
US1FLPT0015,CRESCENT CITY 8.6 WSW,FL,-81.6522,29.3996,4
US1FLVL0025,DELTONA 0.5 WNW,FL,-81.2156,28.9137,32
US1FLBY0012,CALLAWAY 0.6 S,FL,-85.577,30.1319,15
US1FLHB0093,TEMPLE TERRACE 1.5 SE,FL,-82.3675,28.0258,40
US1FLHB0097,RIVERVIEW 4.4 SSW,FL,-82.3391,27.8102,47
US1FLHB0098,RIVERVIEW 4.8 SSW,FL,-82.341,27.8047,44
US1FLOB0006,OKEECHOBEE 23.7 NNW,FL,-81.0202,27.5393,67
US1FLOR0023,ORANGE 11.2 NE,FL,-81.106,28.588,70
US1FLVL0029,NEW SMYRNA BEACH 2.3 N,FL,-80.915,29.0662,5
US1FLWT0017,NICEVILLE 12.7 NE,FL,-86.3444,30.6689,224
US1FLDV0070,JACKSONVILLE 10.2 ENE,FL,-81.5009,30.3954,11
US1FLDV0071,JACKSONVILLE 11.3 WNW,FL,-81.8252,30.411,47
US1FLIR0037,VERO BEACH SOUTH 1.5 NNW,FL,-80.423,27.6354,23
US1FLLE0041,BONITA SPRINGS 3.1 NW,FL,-81.8167,26.375,13
US1FLMA0015,BRADENTON 8.8 E,FL,-82.4318,27.4969,20
US1FLMA0016,PALMETTO 5.8 NNE,FL,-82.5318,27.5957,30
US1FLMR0040,THE VILLAGES 2.5 N,FL,-81.9997,28.9633,87
US1FLOS0022,KISSIMMEE 9.3 SSW,FL,-81.4943,28.1908,70
US1FLPN0047,LARGO 0.7 W,FL,-82.7924,27.9088,67
US1FLPN0053,ST.PETERSBURG 6.3 WNW,FL,-82.7347,27.8019,22
US1FLSS0044,ENGLEWOOD 3.7 NNW,FL,-82.3869,27.0037,12
US1FLST0023,WILDWOOD 3.4 E,FL,-81.9856,28.8595,111
US1FLGL0013,MOORE HAVEN 10.4 N,FL,-81.0984,26.9838,14
US1FLLE0039,FORT MYERS 4.5 SE,FL,-81.8024,26.5827,20
US1FLBV0050,MELBOURNE 4.7 N,FL,-80.6524,28.1825,18
US1FLMD0039,NORTH MIAMI 1.4 W,FL,-80.1914,25.9032,5
US1FLMN0025,KEY LARGO 6.2 NE,FL,-80.3716,25.1692,6
US1FLOR0025,ORLANDO 7.4 WNW,FL,-81.4959,28.5709,100
US1FLBV0051,MELBOURNE 7.5 NNW,FL,-80.6841,28.2158,34
US1FLBV0052,INDIALANTIC 3.3 NNW,FL,-80.5855,28.1329,11
US1FLBW0041,SUNRISE 2.2 WSW,FL,-80.328,26.1353,7
US1FLBW0070,FORT LAUDERDALE 4.0 SW,FL,-80.1905,26.1073,8
US1FLBW0076,PLANTATION 3.4 E,FL,-80.2066,26.1182,8
US1FLCB0010,WHITE SPRINGS 1.0 SSE,FL,-82.7543,30.3178,100
US1FLCR0034,NAPLES 1.3 NW,FL,-81.8093,26.1584,4
US1FLMD0040,MIAMI 6.7 WSW,FL,-80.3222,25.7417,6
US1FLMD0044,MIAMI 6.4 NNE,FL,-80.1928,25.8755,10
US1FLMR0043,OCALA 9.8 SW,FL,-82.2586,29.1006,68
US1FLOR0026,ORLANDO 4.8 NNW,FL,-81.3958,28.5722,99
US1FLOR0027,ORLANDO 4.9 N,FL,-81.3851,28.5743,102
US1FLPB0039,BOCA RATON 5.1 W,FL,-80.188,26.3585,18
US1FLPB0043,JUPITER 2.0 SW,FL,-80.1246,26.902,15
US1FLPB0044,BOCA RATON 2.7 NE,FL,-80.0736,26.3985,5
US1FLPB0059,ABERDEEN 1.1 NNW,FL,-80.1577,26.5649,32
US1FLPB0061,DELRAY BEACH 1.6 WSW,FL,-80.1105,26.442,16
US1FLPB0067,PALM BEACH SHORES 0.1 SSE,FL,-80.034,26.7757,9
US1FLSM0018,SANFORD 1.9 WNW,FL,-81.3051,28.7971,34
US1FLVL0032,PONCE INLET 0.5 S,FL,-80.9319,29.0927,14
US1FLVL0035,DE LEON SPRINGS 6.4 ENE,FL,-81.263,29.1672,41
US1FLBV0053,PALM BAY 1.7 NE,FL,-80.6443,28.0064,30
US1FLBV0054,MERRITT ISLAND 3.8 N,FL,-80.6647,28.3652,1
US1FLBW0040,FORT LAUDERDALE 0.2 WNW,FL,-80.1429,26.1442,5
US1FLBW0045,MIRAMAR 3.7 E,FL,-80.2742,25.9791,6
US1FLBW0046,POMPANO BEACH 1.1 SE,FL,-80.1199,26.2264,6
US1FLBW0047,SUNRISE 1.5 N,FL,-80.2986,26.1741,8
US1FLBW0048,COOPER CITY 1.3 WSW,FL,-80.307,26.0346,6
US1FLBW0051,PLANTATION 2.5 ESE,FL,-80.2247,26.1121,7
US1FLBW0067,DAVIE 2.6 WSW,FL,-80.3256,26.0645,8
US1FLCB0012,LAKE CITY 7.9 SSW,FL,-82.671,30.0812,83
US1FLCY0036,MIDDLEBURG 2.1 SE,FL,-81.8734,30.0338,15
US1FLDV0050,JACKSONVILLE 8.9 ENE,FL,-81.521,30.3848,9
US1FLHB0103,TAMPA 13.8 NNE,FL,-82.3534,28.1287,45
US1FLHN0024,WEEKI WACHEE 7.1 NNE,FL,-82.5351,28.6105,38
US1FLLK0018,CLERMONT 3.8 ENE,FL,-81.6997,28.5708,117
US1FLLK0021,LADY LAKE 1.2 ESE,FL,-81.9116,28.92,89
US1FLMD0042,SOUTH MIAMI 0.9 SSE,FL,-80.2893,25.6957,8
US1FLMD0051,CUTLER RIDGE 1.5 SSW,FL,-80.3526,25.561,7
US1FLMD0054,NARANJA 5.9 WNW,FL,-80.5035,25.5589,7
US1FLMD0055,MIAMI GARDENS 1.6 NNW,FL,-80.2551,25.9633,6
US1FLMD0058,NORTH MIAMI BEACH 2.0 E,FL,-80.1355,25.9336,3
US1FLMR0042,MICANOPY 4.6 SSE,FL,-82.2492,29.4453,122
US1FLMT0021,PALM CITY 3.1 NW,FL,-80.2999,27.1976,13
US1FLPB0042,BOCA RATON 1.9 SE,FL,-80.0823,26.356,11
US1FLPB0053,JUPITER 1.4 N,FL,-80.1087,26.9433,5
US1FLPB0060,LAKE WORTH 4.4 WSW,FL,-80.1187,26.5841,17
US1FLPB0063,DELRAY BEACH 1.9 SSE,FL,-80.0809,26.4278,14
US1FLPK0046,HAINES CITY 6.0 ESE,FL,-81.5451,28.0627,81
US1FLPN0049,ST. PETERSBURG 4.6 N,FL,-82.6358,27.8239,6
US1FLPN0055,ST. PETERSBURG 4.0 N,FL,-82.6433,27.8164,15
US1FLSJ0019,ST. AUGUSTINE 5.7 SSW,FL,-81.3307,29.8106,29
US1FLSL0037,FORT PIERCE 7.6 WSW,FL,-80.435,27.3948,17
US1FLSL0038,FORT PIERCE 9.0 NW,FL,-80.4104,27.5448,19
US1FLSS0047,SARASOTA 1.4 E,FL,-82.5235,27.3401,29
US1FLST0025,OXFORD 1.2 ENE,FL,-82.021,28.9363,91
US1FLES0024,PENSACOLA 18.9 WSW,FL,-87.4672,30.313,13
US1FLHL0030,SEBRING 2.8 WNW,FL,-81.498,27.4995,158
US1FLOR0016,APOPKA 2.9 E,FL,-81.4659,28.6848,114
US1FLPB0066,LAKE WORTH 4.5 WSW,FL,-80.1712,26.5882,30
US1FLBV0055,MELBOURNE 4.1 S,FL,-80.6299,28.0562,24
US1FLCB0009,LAKE CITY 10.2 SW,FL,-82.7665,30.0912,103
US1FLCH0023,PUNTA GORDA 1.6 NNW,FL,-82.0689,26.9175,1
US1FLCY0029,KEYSTONE HEIGHTS 12.9 NE,FL,-81.8776,29.9086,95
US1FLCY0037,FLEMING ISLAND 2.2 S,FL,-81.7134,30.0616,16
US1FLES0025,PENSACOLA 7.3 NNW,FL,-87.2313,30.5437,39
US1FLES0026,PENSACOLA 1.9 NE,FL,-87.1685,30.465,82
US1FLHB0096,TAMPA 5.9 SSW,FL,-82.5234,27.8815,6
US1FLHL0027,SEBRING 4.1 SSE,FL,-81.4223,27.4377,91
US1FLJK0005,MARIANNA 8.3 SE,FL,-85.1461,30.686,100
US1FLMD0041,LINDGREN ACRES 0.7 SW,FL,-80.4097,25.6634,8
US1FLMD0059,SOUTH MIAMI HEIGHTS 6.4 W,FL,-80.488,25.5828,7
US1FLMR0045,OCALA 2.4 NNW,FL,-81.9807,29.2185,
US1FLOR0028,ORLANDO 2.9 NNE,FL,-81.357,28.5443,99
US1FLPB0069,WEST PALM BEACH 6.0 WNW,FL,-80.2166,26.7803,31
US1FLPB0072,BOYNTON BEACH 6.2 WNW,FL,-80.1764,26.5537,36
US1FLSL0033,FORT PIERCE 5.1 SSW,FL,-80.3428,27.3704,5
US1FLVL0036,DE LAND 1.4 WSW,FL,-81.3182,29.0264,80
US1FLVL0037,PORT ORANGE 3.4 SSW,FL,-81.0307,29.065,23
US1FLVL0038,OAK HILL 2.8 WSW,FL,-80.8712,28.8606,6
US1FLAL0047,MICANOPY 2.7 ESE,FL,-82.2422,29.4875,120
US1FLAL0048,GAINESVILLE 5.4 W,FL,-82.4264,29.6778,163
US1FLBW0059,TAMARAC 1.7 NNW,FL,-80.2644,26.228,11
US1FLBW0087,TAMARAC 2.2 W,FL,-80.2923,26.2105,10
US1FLBW0090,FORT LAUDERDALE 0.5 NNE,FL,-80.1362,26.1496,5
US1FLCT0015,INVERNESS 2.6 ENE,FL,-82.3056,28.8582,41
US1FLDV0034,JACKSONVILLE 4.8 SW,FL,-81.7237,30.2948,13
US1FLHB0107,SUN CITY CENTER 0.9 SSE,FL,-82.3483,27.7086,62
US1FLHD0003,BOWLING GREEN 0.6 W,FL,-81.8337,27.6369,94
US1FLIR0039,VERO BEACH 4.9 SSW,FL,-80.4351,27.5842,21
US1FLJF0009,MONTICELLO 4.3 ENE,FL,-83.8016,30.5577,157
US1FLLK0017,LEESBURG 5.4 SSE,FL,-81.8465,28.7366,97
US1FLLN0055,TALLAHASSEE 5.5 ENE,FL,-84.1928,30.4779,119
US1FLMA0018,BRADENTON 11.0 E,FL,-82.4005,27.505,21
US1FLMD0049,CUTLER RIDGE 1.7 SSW,FL,-80.3575,25.56,7
US1FLMT0025,STUART 6.2 SSW,FL,-80.2799,27.11,11
US1FLPB0070,BOYNTON BEACH 1.3 WNW,FL,-80.0998,26.5357,15
US1FLPN0057,TARPON SPRINGS 2.6 E,FL,-82.7385,28.1439,
US1FLSL0039,PORT ST. LUCIE 4.0 ENE,FL,-80.298,27.308,17
US1FLST0026,THE VILLAGES 2.8 ESE,FL,-81.9658,28.9033,73
US1FLVL0040,EDGEWATER 0.1 SW,FL,-80.906,28.9662,
US1FLBV0049,PALM SHORES 4.0 NNW,FL,-80.6908,28.2361,33
US1FLCR0037,NAPLES 7.7 NNE,FL,-81.7294,26.2389,12
US1FLLE0047,CAPE CORAL 4.0 SE,FL,-81.9473,26.6002,10
US1FLMD0060,WESTWOOD LAKES 0.4 NNE,FL,-80.3707,25.7268,7
US1FLMD0061,MIAMI 15.1 WSW,FL,-80.4386,25.7415,8
US1FLMR0046,INTERLACHEN 8.8 S,FL,-81.9043,29.4898,94
US1FLBW0093,WESTON 1.1 NNE,FL,-80.3899,26.1138,8
US1FLBW0095,PLANTATION 1.9 SE,FL,-80.2394,26.1069,6
US1FLBW0098,PEMBROKE PINES 5.0 W,FL,-80.4213,26.007,5
US1FLCY0034,FLEMING ISLAND 2.0 SE,FL,-81.6943,30.0751,5
US1FLFL0019,BUNNELL 1.0 ENE,FL,-81.2439,29.4722,19
US1FLHB0110,TAMPA 5.7 S,FL,-82.4895,27.8772,6
US1FLLN0058,TALLAHASSEE 0.6 ESE,FL,-84.2718,30.4539,198
US1FLMR0047,SILVER SPRINGS SHORES 8.1 N,FL,-81.9807,29.2185,
US1FLOR0029,ORLANDO 12.7 SSW,FL,-81.4568,28.3632,89
US1FLPN0058,ST. PETERSBURG 2.4 N,FL,-82.6371,27.7928,31
US1FLSJ0020,ST. AUGUSTINE 3.1 SSE,FL,-81.2904,29.85,10
US1FLBV0056,COCOA 1.1 NNW,FL,-80.754,28.3931,40
US1FLLK0022,LADY LAKE 2.0 NNW,FL,-81.939,28.9548,89
US1FLLN0059,TALLAHASSEE 9.3 ESE,FL,-84.1335,30.4129,70
US1FLPN0059,SEMINOLE 1.2 WSW,FL,-82.8043,27.8353,37
US1FLPN0060,ST. PETERSBURG 4.5 NW,FL,-82.6967,27.8019,51
US1FLSJ0022,SAWGRASS 2.1 S,FL,-81.3687,30.1622,7
US1FLAL0050,GAINESVILLE 2.4 SW,FL,-82.3618,29.6478,115
US1FLAL0051,MICANOPY 2.1 NNE,FL,-82.2681,29.5348,68
US1FLBW0099,WESTON 2.8 SE,FL,-80.3679,26.072,
US1FLCY0038,KEYSTONE HEIGHTS 10.0 NE,FL,-81.8979,29.8642,136
US1FLDV0076,JACKSONVILLE 13.3 NNE,FL,-81.5725,30.5132,16
US1FLDX0002,CROSS CITY 4.7 E,FL,-83.0473,29.644,37
US1FLHB0108,TAMPA 5.2 SSW,FL,-82.5257,27.8947,9
US1FLHB0112,TAMPA 4.8 SW,FL,-82.4907,27.8902,10
US1FLHB0113,APOLLO BEACH 0.7 ESE,FL,-82.3977,27.7697,11
US1FLHB0114,RIVERVIEW 0.9 ENE,FL,-82.3029,27.8735,23
US1FLHL0032,SEBRING 3.7 NW,FL,-81.4896,27.5334,107
US1FLHN0026,SPRING HILL 2.4 WSW,FL,-82.5992,28.4715,48
US1FLLE0049,NORTH FORT MYERS 3.7 SSW,FL,-81.9135,26.6559,9
US1FLNS0012,FERNANDINA BEACH 0.6 S,FL,-81.4483,30.6489,20
US1FLNS0014,FERNANDINA BEACH 6.3 SW,FL,-81.5284,30.5979,21
US1FLOK0036,CRESTVIEW 1.0 E,FL,-86.5584,30.7502,198
US1FLOR0030,ORLANDO 12.0 S,FL,-81.4146,28.3645,88
US1FLPT0018,WELAKA 1.5 SSE,FL,-81.655,29.4604,26
US1FLSL0030,FORT PIERCE 8.6 NW,FL,-80.4033,27.5515,19
US1FLSL0040,PORT ST. LUCIE 1.5 SE,FL,-80.3356,27.2653,12
US1FLSS0049,SARASOTA 3.0 NE,FL,-82.5123,27.366,32
US1FLES0008,MOLINO 2.7 SSW,FL,-87.3419,30.6826,125
US1FLMD0062,KENDALL 1.7 WSW,FL,-80.3645,25.6572,8
US1FLSJ0021,ST. AUGUSTINE 8.2 SSE,FL,-81.2614,29.7812,7
US1FLBW0100,DAVIE 3.2 ESE,FL,-80.2381,26.0727,6
US1FLOR0031,UNION PARK 3.8 ESE,FL,-81.1785,28.5431,63
US1FLBV0058,MERRITT ISLAND 3.6 N,FL,-80.6658,28.3623,
US1FLBV0059,PALM BAY 2.7 SSE,FL,-80.6421,27.9501,27
US1FLBW0102,SUNRISE 0.6 NE,FL,-80.2905,26.1572,8
US1FLCB0014,WHITE SPRINGS 1.0 SSE,FL,-82.754,30.3175,98
US1FLCY0039,ORANGE PARK 2.5 WSW,FL,-81.7424,30.1517,66
US1FLGD0006,QUINCY 8.3 NNW,FL,-84.657,30.6873,262
US1FLHB0115,TAMPA 6.1 WNW,FL,-82.574,27.9952,7
US1FLPS0051,HOLIDAY 0.6 E,FL,-82.7321,28.1875,10
US1FLSL0041,FORT PIERCE 9.3 NNW,FL,-80.402,27.5554,20
US1FLSM0020,OVIEDO 1.6 SE,FL,-81.1652,28.6387,50
US1FLVL0042,DAYTONA BEACH SHORES 1.8 SSE,FL,-80.9696,29.1494,8
US1FLVL0044,PORT ORANGE 2.9 WSW,FL,-81.0528,29.1,24
235,CRYSTAL RIVER AIRPORT,FL,-82.567,28.867,10
299,DELAND MUNICIPAL AIRPORT SYDNEY H TAYLOR FIELD,FL,-81.283,29.067,79
325,QUINCY MUNICIPAL AIRPORT,FL,-84.557,30.598,69
326,FERNANDINA BEACH MUNICIPAL AIRPORT,FL,-81.467,30.617,17
338,TYNDALL DRONE RUNWAY,FL,-85.533,30.033,17
360,OKEECHOBEE COUNTY AIRPORT,FL,-80.85,27.267,33
377,INVERNESS AIRPORT,FL,-82.317,28.817,50
415,KEYSTONE AIRPARK,FL,-82.04752,29.84475,197
482,VENICE MUNICIPAL AIRPORT,FL,-82.44033,27.07161,19
485,FLAGLER COUNTY AIRPORT,FL,-81.20633,29.46738,33
486,ZEPHYRHILLS MUNICIPAL AIRPORT,FL,-82.15592,28.22813,90
84571,KEY WEST WFO,FL,-81.7833,24.55,6
84621,KISSIMMEE PRAIRIE PRESERVE,FL,-81.053,27.6038,72
92806,ST PETERSBURG ALBERT WHITTED AP,FL,-82.6275,27.76472,8
FLLthr,Fort Lauderdale Area,FL,,,
FPRthr,Fort Pierce Area,FL,,,
SFBthr,Sanford Area,FL,,,
SRQthr,Sarasota-Bradenton Area,FL,,,
US1FLPN0066,PALM HARBOR 2.4 SE,FL,-82.7359,28.0633,68
US1FLTY0004,PERRY 2.0 S,FL,-83.5864,30.0803,41
US1FLMA0021,SARASOTA 6.4 NNE,FL,-82.4923,27.4237,11
US1FLFR0006,ST. GEORGE ISLAND 2.2 ENE,FL,-84.8809,29.6589,4
US1FLLK0023,LEESBURG 9.9 NE,FL,-81.7576,28.9017,81
US1FLBW0110,HOLLYWOOD 1.1 WNW,FL,-80.18,26.0377,6
US1FLCY0041,PENNEY FARMS 0.1 E,FL,-81.8102,29.981,98
US1FLHM0004,JENNINGS 6.7 S,FL,-83.0999,30.5051,80
US1FLLE0053,CAPE CORAL 2.9 N,FL,-81.9961,26.6789,14
US1FLMD0064,NORTH MIAMI 1.0 SSW,FL,-80.1767,25.8872,5
US1FLBY0014,PANAMA CITY BEACH 4.9 ESE,FL,-85.7765,30.1841,16
US1FLPB0080,BOCA RATON 3.8 WSW,FL,-80.1644,26.3544,15
US1FLPK0049,LAKELAND 4.0 S,FL,-81.971,27.9848,153
US1FLOK0037,NICEVILLE 2.1 SE,FL,-86.4582,30.51,41
US1FLFL0023,BUNNELL 7.7 W,FL,-81.3859,29.4592,19
US1FLMA0022,PALMETTO 6.4 ENE,FL,-82.483,27.5622,31
US1FLBV0063,MELBOURNE 4.6 NNW,FL,-80.6816,28.1712,33
US1FLFL0021,PALM COAST 0.6 ESE,FL,-81.2054,29.5663,5
US1FLPB0081,PALM BEACH SHORES 1.4 N,FL,-80.035,26.797,5
US1FLCB0015,FORT WHITE 3.2 WNW,FL,-82.7604,29.9448,48
US1FLMT0026,INDIANTOWN 0.4 SW,FL,-80.4732,27.0326,47
US1FLAL0056,ALACHUA 5.2 NNW,FL,-82.4999,29.8519,157
US1FLBV0065,SHARPES 2.9 ENE,FL,-80.7179,28.4598,3
US1FLSR0019,GULF BREEZE 7.2 ENE,FL,-87.0597,30.3977,14
US1FLPB0079,BOCA RATON 2.1 ENE,FL,-80.0755,26.3839,7
US1FLBW0103,MIRAMAR 2.1 W,FL,-80.367,25.9747,5
US1FLLK0025,ASTATULA 1.0 E,FL,-81.7188,28.7109,88
US1FLPK0050,AUBURNDALE 1.1 W,FL,-81.8159,28.0714,146
US1FLJF0010,MONTICELLO 2.9 WSW,FL,-83.9162,30.5255,212
US1FLAL0055,GAINESVILLE 7.7 W,FL,-82.4636,29.6572,84
US1FLPT0021,CRESCENT CITY 2.0 N,FL,-81.521,29.4661,15
US1FLSS0052,SARASOTA 4.0 S,FL,-82.5501,27.2779,4
US1FLAL0057,GAINESVILLE 2.4 NW,FL,-82.3633,29.6991,188
US1FLLK0024,ALTOONA 5.3 NNE,FL,-81.6271,29.0397,99
US1FLLE0046,CAPE CORAL 5.1 SE,FL,-81.9303,26.5948,6
US1FLFL0024,PALM COAST 2.1 NNE,FL,-81.2046,29.5996,7
US1FLFR0003,EASTPOINT 1.4 NW,FL,-84.8866,29.7627,6
US1FLPB0082,DELRAY BEACH 2.3 WSW,FL,-80.1256,26.4467,16
US1FLDV0079,JACKSONVILLE 9.6 SE,FL,-81.5565,30.2274,31
US1FLVL0046,DE LAND 1.3 WSW,FL,-81.3165,29.0259,74
US1FLSJ0023,ST. AUGUSTINE 3.4 NW,FL,-81.3517,29.9269,28
US1FLOR0032,BUENA VENTURA LAKES 11.0 E,FL,-81.1755,28.3661,69
US1FLMD0063,PALMETTO BAY 1.6 SSE,FL,-80.315,25.5995,7
US1FLPB0077,ABERDEEN 1.4 WNW,FL,-80.1686,26.5613,31
US1FLBW0106,PLANTATION 1.2 SSW,FL,-80.2661,26.1092,9
US1FLCR0038,NAPLES 8.7 SE,FL,-81.6964,26.054,4
US1FLBW0108,PLANTATION 1.3 WNW,FL,-80.2825,26.1294,6
US1FLPN0064,SEMINOLE 3.2 WNW,FL,-82.8329,27.8622,40
US1FLOR0034,OCOEE 1.4 N,FL,-81.5285,28.5927,168
US1FLSR0018,MILTON 5.6 NW,FL,-87.1214,30.6826,64
US1FLOR0033,ORLANDO 7.2 WNW,FL,-81.4914,28.5729,121
US1FLFL0025,PALM COAST 5.9 S,FL,-81.2257,29.4865,24
US1FLLK0027,OAKLAND 3.4 WSW,FL,-81.6831,28.5422,141
US1FLLN0062,TALLAHASSEE 8.1 NE,FL,-84.195,30.547,127
US1FLLN0060,TALLAHASSEE 6.2 E,FL,-84.1773,30.4573,83
US1FLPS0053,LAND O' LAKES 1.8 SE,FL,-82.4341,28.2027,96
US1FLBW0105,PLANTATION 1.2 NNE,FL,-80.2536,26.1412,7
US1FLHY0006,CLEWISTON 17.2 W,FL,-81.2142,26.7091,24
US1FLAL0054,MICANOPY 2.1 WNW,FL,-82.3127,29.5198,106
US1FLCH0024,PORT CHARLOTTE 1.9 ENE,FL,-82.0797,26.996,9
US1FLIR0040,VERO BEACH 4.3 W,FL,-80.4637,27.6531,21
US1FLWK0010,CRAWFORDVILLE 1.0 S,FL,-84.3678,30.1798,21
US1FLMD0069,HOMESTEAD 3.0 NW,FL,-80.4911,25.4897,8
US1FLCR0041,NAPLES 9.0 NE,FL,-81.6976,26.2406,23
US1FLHB0119,RIVERVIEW 1.4 N,FL,-82.314,27.89,31
US1FLMT0027,STUART 7.3 SSW,FL,-80.2896,27.0975,18
US1FLBV0078,COCOA 5.1 NW,FL,-80.8171,28.421,34
US1FLLE0052,WHISKEY CREEK 0.3 ENE,FL,-81.8864,26.5732,10
US1FLLN0063,TALLAHASSEE 4.8 ESE,FL,-84.2041,30.4379,72
US1FLBV0072,PALM BAY 3.2 S,FL,-80.6691,27.9399,24
US1FLBY0015,FOUNTAIN 3.4 SSE,FL,-85.3992,30.4328,132
US1FLOR0035,BAY LAKE 4.1 WSW,FL,-81.6334,28.3567,122
US1FLLN0065,TALLAHASSEE 10.4 E,FL,-84.1079,30.4755,102
US1FLMR0054,OCALA 1.1 SE,FL,-82.116,29.1779,130
US1FLPK0053,POINCIANA PLACE 2.5 SSW,FL,-81.5005,28.1242,75
US1FLSR0021,NAVARRE 6.2 E,FL,-86.809,30.4147,31
US1FLMD0067,PALMETTO BAY 0.6 WNW,FL,-80.3331,25.6257,9
US1FLOR0036,WINTER GARDEN 2.3 SSW,FL,-81.5948,28.5303,115
US1FLHB0120,TAMPA 7.9 N,FL,-82.4799,28.0632,67
US1FLLK0030,LEESBURG 2.7 NW,FL,-81.9137,28.8362,76
US1FLSS0055,WARM MINERAL SPRINGS 5.0 WSW,FL,-82.3496,27.0335,14
US1FLLK0028,FRUITLAND PARK 0.8 NNW,FL,-81.9152,28.8679,122
US1FLMR0059,OCALA 11.2 SW,FL,-82.2561,29.0674,86
US1FLBV0074,TITUSVILLE 5.9 NNW,FL,-80.8699,28.6614,26
US1FLBV0075,MERRITT ISLAND 5.6 NNW,FL,-80.7067,28.3822,10
US1FLWK0009,CRAWFORDVILLE 4.7 SE,FL,-84.3209,30.1413,11
US1FLBW0121,POMPANO BEACH 3.1 NE,FL,-80.1026,26.2723,10
US1FLSL0043,PORT ST. LUCIE 4.1 SW,FL,-80.4066,27.2439,38
US1FLPN0070,ST. PETERSBURG 2.2 NNW,FL,-82.6493,27.7895,49
US1FLVL0030,EDGEWATER 1.4 N,FL,-80.9082,28.9873,26
US1FLES0035,PENSACOLA 13.5 WNW,FL,-87.3921,30.532,119
US1FLCH0028,PUNTA GORDA 8.3 N,FL,-82.0342,27.0161,28
US1FLBY0013,LYNN HAVEN 1.6 SSE,FL,-85.6431,30.2209,26
US1FLPS0055,DADE CITY 4.1 SSE,FL,-82.174,28.3054,118
US1FLBW0115,DAVIE 2.3 ENE,FL,-80.2556,26.0973,6
US1FLES0039,CENTURY 12.1 W,FL,-87.4658,30.964,228
US1FLPN0072,LARGO 1.5 NE,FL,-82.7603,27.9214,15
US1FLMR0061,OCALA 7.0 NW,FL,-82.2211,29.2505,82
US1FLSS0056,NORTH PORT 3.6 ESE,FL,-82.1381,27.0362,18
US1FLES0041,PENSACOLA 12.5 SW,FL,-87.353,30.3315,16
US1FLBV0067,PALM BAY 4.9 S,FL,-80.6523,27.9147,23
US1FLMT0031,PALM CITY 1.4 NW,FL,-80.285,27.1755,12
US1FLLN0064,TALLAHASSEE 7.2 N,FL,-84.2729,30.5603,189
US1FLPB0088,GOLFVIEW 0.9 SSW,FL,-80.1164,26.6768,20
US1FLLN0068,TALLAHASSEE 9.7 SE,FL,-84.1463,30.3775,62
US1FLPB0087,GOLDEN LAKES 2.4 SSW,FL,-80.1785,26.6674,26
US1FLLE0055,FORT MYERS 2.3 SW,FL,-81.8773,26.6064,13
US1FLBY0016,PANAMA CITY 6.9 ESE,FL,-85.5656,30.1383,14
US1FLSS0053,NORTH PORT 2.1 NNW,FL,-82.2137,27.0751,22
US1FLBV0077,MELBOURNE 4.6 NNW,FL,-80.6609,28.1795,25
US1FLBW0117,HOLLYWOOD 3.9 SW,FL,-80.2042,25.9866,9
US1FLSL0046,PORT ST. LUCIE 1.7 NNW,FL,-80.3617,27.3029,20
US1FLCR0047,NAPLES 12.0 N - #2 SOUTH,FL,-81.7634,26.3156,21
US1FLVL0049,MIMS 8.5 W,FL,-80.987,28.6908,13
US1FLES0038,PENSACOLA 9.2 NW,FL,-87.3089,30.5282,118
US1FLLE0056,FORT MYERS 7.0 ESE,FL,-81.7445,26.595,25
US1FLPK0055,POLK CITY 1.6 WSW,FL,-81.8492,28.1722,
US1FLBV0073,TITUSVILLE 0.9 SW,FL,-80.8311,28.5808,29
US1FLMD0068,HAMMOCKS 0.9 SSE,FL,-80.4381,25.659,8
US1FLLN0066,TALLAHASSEE 10.4 SSE,FL,-84.2406,30.3101,36
US1FLNS0015,FERNANDINA BEACH 0.4 ESE,FL,-81.4435,30.6552,10
US1FLHB0122,RIVERVIEW 4.9 S,FL,-82.3161,27.799,91
US1FLMT0028,JENSEN BEACH 1.5 N,FL,-80.2338,27.2573,51
US1FLCR0046,NAPLES 11.5 N - #17 SOUTH,FL,-81.7773,26.3108,20
US1FLES0037,PENSACOLA 2.3 NE,FL,-87.1659,30.4702,91
US1FLCR0044,NAPLES 11.7 N - #17 NORTH,FL,-81.7809,26.314,20
US1FLMT0033,JUPITER 4.0 NNW,FL,-80.1382,26.9729,9
US1FLMR0065,BELLEVIEW 3.3 SSW,FL,-82.0808,29.0184,83
US1FLHB0116,LUTZ 0.6 WSW,FL,-82.4719,28.1341,70
US1FLCY0040,MIDDLEBURG 3.8 NW,FL,-81.95,30.0861,121
US1FLCR0043,NAPLES 11.0 N - CLUBHOUSE,FL,-81.7685,26.3028,19
US1FLCR0042,CHOKOLOSKEE 0.3 ENE,FL,-81.3573,25.8166,7
US1FLPN0071,PALM HARBOR 1.0 S,FL,-82.7654,28.0729,28
US1FLBW0116,PLANTATION 2.3 WNW,FL,-80.2953,26.1391,7
US1FLCR0045,NAPLES 12.5 N - #9 NORTH,FL,-81.7813,26.3256,20
US1FLES0045,PENSACOLA 7.0 NNW,FL,-87.244,30.5346,109
US1FLMR0057,OCALA 4.6 N,FL,-82.1267,29.2542,71
12859,MIAMI,FL,-80.2,25.78333,
92812,TAMPA,FL,-82.45,27.95,
LALthr,Lakeland Area,FL,,,
LEEthr,Leesburg Area,FL,,,
MTHthr,Marathon Area,FL,,,
PGDthr,Punta Gorda Area,FL,,,
US1FLAL0060,GAINESVILLE 7.5 WSW,FL,-82.4563,29.6467,124
US1FLIR0042,FELLSMERE 1.8 S,FL,-80.6003,27.7401,24
US1FLSL0047,FORT PIERCE 8.5 WSW,FL,-80.4442,27.3846,27
US1FLCT0025,LECANTO 1.9 E,FL,-82.4547,28.853,105
US1FLPN0076,BAY PINES 0.5 NW,FL,-82.7819,27.8201,30
US1FLCT0023,HOMOSASSA 5.2 NNE,FL,-82.5874,28.8511,9
US1FLPN0074,ST. PETERSBURG 1.6 WNW,FL,-82.6654,27.7674,51
US1FLLE0057,CAPE CORAL 4.9 S,FL,-81.9979,26.5674,7
US1FLDV0091,JACKSONVILLE 10.6 NNW,FL,-81.7016,30.4839,35
US1FLBW0127,OAKLAND PARK 0.3 SE,FL,-80.1501,26.1707,5
US1FLCY0042,GREEN COVE SPRINGS 2.6 WNW,FL,-81.7178,30.0057,67
US1FLHN0031,SOUTH BROOKSVILLE 2.9 SW,FL,-82.4333,28.4995,85
US1FLPK0060,DUNDEE 0.3 E,FL,-81.6158,28.0202,184
US1FLPK0058,BABSON PARK 0.9 NW,FL,-81.5386,27.8417,142
US1FLMR0056,OCALA 10.7 WSW,FL,-82.2848,29.1117,78
US1FLCT0024,HERNANDO 2.9 W,FL,-82.4215,28.9142,76
US1FLOR0043,APOPKA 3.5 ESE,FL,-81.4609,28.667,107
US1FLSS0014,NORTH PORT 1.6 ENE,FL,-82.172,27.061,33
US1FLBV0088,TITUSVILLE 2.5 SSE,FL,-80.8039,28.5558,22
US1FLMR0066,THE VILLAGES 3.7 NNW,FL,-82.023,28.9802,102
US1FLNS0016,FERNANDINA BEACH 2.5 S,FL,-81.4418,30.6225,19
US1FLHN0030,SPRING HILL 1.1 NW,FL,-82.576,28.4931,35
US1FLFL0026,PALM COAST 1.9 S,FL,-81.2157,29.5439,22
US1FLHB0127,SUN CITY CENTER 0.4 S,FL,-82.3527,27.7152,51
US1FLAL0059,MICANOPY 0.3 SSW,FL,-82.2831,29.5019,142
US1FLVL0051,DE BARY 1.7 NE,FL,-81.2945,28.9021,85
US1FLPN0079,ST. PETERSBURG 2.2 N,FL,-82.6437,27.7899,36
US1FLPK0059,LAKE WALES 0.7 SE,FL,-81.581,27.8929,174
US1FLLK0031,LADY LAKE 5.5 S,FL,-81.9446,28.8499,86
US1FLVL0050,PIERSON 1.5 SW,FL,-81.4795,29.2241,48
US1FLCH0029,PORT CHARLOTTE 9.3 SW,FL,-82.2221,26.8966,6
US1FLBW0083,DEERFIELD BEACH 1.4 S,FL,-80.1222,26.2928,18
US1FLSS0058,NORTH PORT 3.3 NNE,FL,-82.1664,27.0894,23
US1FLPN0077,SEMINOLE 3.3 WNW,FL,-82.8348,27.8618,30
US1FLHB0130,APOLLO BEACH 2.7 ENE,FL,-82.3645,27.7822,39
US1FLAL0058,GAINESVILLE 5.0 SSW,FL,-82.3601,29.6056,93
US1FLES0049,PENSACOLA BEACH 3.8 ENE,FL,-87.0879,30.3445,4
US1FLCB0018,LAKE CITY 8.0 NW,FL,-82.7485,30.2627,151
US1FLBW0131,MIRAMAR 2.3 W,FL,-80.3696,25.976,5
US1FLSW0011,LIVE OAK 5.1 SSE,FL,-82.9389,30.233,129
US1FLBV0089,SATELLITE BEACH 0.7 ESE,FL,-80.5914,28.1628,10
TFLL,FT LAUDERDALE,FL,-80.34389,26.14306,121
TMIA,MIAMI,FL,-80.49111,25.75806,125
TMCO,ORLANDO INTERNATIONAL,FL,-81.32611,28.34389,171
TTPA,TAMPA,FL,-82.51806,27.86,92
TPBI,WEST PALM BEACH,FL,-80.27306,26.68806,135
US1FLMT0034,PORT SALERNO 1.0 NW,FL,-80.2002,27.158,4
US1FLLE0058,FOREST ISLAND PARK 0.9 ESE,FL,-81.8478,26.4855,7
US1FLHB0128,RUSKIN 1.6 ESE,FL,-82.4066,27.7036,33
US1FLPS0062,HERNANDO BEACH 3.1 SSE,FL,-82.6489,28.4256,26
US1FLDV0086,JACKSONVILLE 11.2 E,FL,-81.4709,30.3172,30
US1FLAL0063,GAINESVILLE 3.0 WNW,FL,-82.3846,29.6843,161
US1FLBW0128,PLANTATION 1.4 N,FL,-80.2601,26.1464,6
US1FLHB0123,THONOTOSASSA 3.6 NE,FL,-82.2561,28.0939,58
US1FLGD0007,HAVANA 5.1 SSW,FL,-84.4587,30.5608,212
US1FLMD0075,MIAMI 4.3 SSW,FL,-80.2462,25.7219,13
US1FLNS0017,FERNANDINA BEACH 2.3 S,FL,-81.4427,30.6243,13
92828,CLEARWATER AIR PARK,FL,-82.75906,27.97721,71
US1FLFL0033,FLAGLER BEACH 1.3 SE,FL,-81.1163,29.4564,20
US1FLBW0130,WILTON MANORS 0.8 WNW,FL,-80.1516,26.1618,3
US1FLPN0081,ST. PETERSBURG 2.5 S,FL,-82.6492,27.7229,29
US1FLLN0072,TALLAHASSEE 5.0 SE,FL,-84.218,30.4106,103
US1FLAL0065,GAINESVILLE 7.0 SW,FL,-82.4291,29.6118,137
US1FLFL0030,PALM COAST 4.2 SSW,FL,-81.245,29.5161,45
US1FLVL0060,PORT ORANGE 2.5 NNE,FL,-80.996,29.1452,23
US1FLPN0083,CLEARWATER 1.6 N,FL,-82.7624,28.0029,74
US1FLVL0057,NEW SMYRNA BEACH 3.4 NW,FL,-80.959,29.0688,18
US1FLCR0049,NAPLES MANOR 2.3 E,FL,-81.6851,26.0755,20
US1FLOR0046,ORLANDO 2.2 WNW,FL,-81.4096,28.5139,103
US1FLFL0032,PALM COAST 1.9 NNE,FL,-81.1968,29.5938,55
US1FLVL0067,DELTONA 3.2 NNE,FL,-81.1972,28.9546,41
US1FLDV0094,JACKSONVILLE 4.1 SW,FL,-81.7126,30.2991,25
US1FLOS0027,ST. CLOUD 2.9 S,FL,-81.285,28.2006,89
US1FLSM0026,ALTAMONTE SPRINGS 1.5 N,FL,-81.3997,28.6831,103
US1FLVL0081,ORMOND-BY-THE-SEA 0.8 SSE,FL,-81.0643,29.3321,10
US1FLVL0073,ORMOND BEACH 2.6 SE,FL,-81.0694,29.2641,15
US1FLVL0059,NEW SMYRNA BEACH 3.4 WNW,FL,-80.974,29.0436,28
US1FLMA0026,SAMOSET 1.7 NNE,FL,-82.528,27.4979,3
US1FLHM0005,WHITE SPRINGS 0.3 NW,FL,-82.762,30.334,122
US1FLVL0061,ORMOND BEACH 4.8 NNE,FL,-81.0754,29.3621,21
US1FLDV0098,FRUIT COVE 5.9 E,FL,-81.5205,30.1148,21
US1FLIR0046,SEBASTIAN 0.7 NE,FL,-80.471,27.7935,26
US1FLVL0062,PORT ORANGE 0.2 NNW,FL,-81.007,29.1122,22
US1FLMA0020,BRADENTON 3.5 WNW,FL,-82.6297,27.5099,11
US1FLHB0134,SUN CITY CENTER 1.8 NNE,FL,-82.3377,27.7448,46
US1FLBV0092,SATELLITE BEACH 2.0 N,FL,-80.6012,28.2045,15
US1FLPN0082,TARPON SPRINGS 2.6 ESE,FL,-82.7441,28.1287,15
US1FLFL0035,PALM COAST 1.8 N,FL,-81.2201,29.5972,15
2009,Wakulla #1,FL,-84.41667,30.3,150
2012,Sellers Lake #1,FL,-81.63333,29.1,75
2051,Everglades ARS,FL,-80.55,25.5,9
BKVthr,Brooksville Area,FL,,,
GIFthr,Winter Haven Area,FL,,,
US1FLOR0002,WINDERMERE 1.3 NW,FL,-81.5472,28.5083,121
US1FLBV0003,MIMS 7.5 NNW,FL,-80.8815,28.7883,23
US1FLHS0003,WESTVILLE 12.7 N,FL,-85.8765,30.9517,92
US1FLBW0002,COOPER CITY 0.4 ENE,FL,-80.2837,26.0472,11
US1FLLK0013,CLERMONT 6.9 SSE,FL,-81.7234,28.4557,171
US1FLBW0137,POMPANO BEACH 1.2 NNE,FL,-80.1224,26.2521,18
US1FLVL0066,DE LEON SPRINGS 1.8 ENE,FL,-81.3234,29.1223,94
US1FLES0051,PENSACOLA 5.5 NNW,FL,-87.2362,30.513,134
US1FLVL0088,PORT ORANGE 5.0 WSW,FL,-81.0817,29.0802,77
US1FLDS0003,LAKE SUZY 1.0 W,FL,-82.0546,27.039,26
US1FLMN0037,KEY LARGO 17.9 NE,FL,-80.2818,25.3209,12
US1FLSW0012,MCALPIN 5.4 E,FL,-82.8609,30.1415,114
US1FLBW0139,SUNRISE 2.1 N,FL,-80.2999,26.1818,5
US1FLHN0032,SPRING HILL 3.3 NE,FL,-82.5246,28.5167,61
US1FLVL0089,NEW SMYRNA BEACH 8.5 W,FL,-81.0573,29.051,26
US1FLSJ0028,ST. AUGUSTINE 3.4 SW,FL,-81.3447,29.8518,57
US1FLBV0086,MIMS 3.3 SW,FL,-80.8801,28.6468,27
US1FLVL0070,DE LAND 0.6 SSE,FL,-81.2925,29.0293,66
US1FLVL0072,NEW SMYRNA BEACH 1.6 NNE,FL,-80.9053,29.0544,30
US1FLCH0030,PORT CHARLOTTE 4.0 WSW,FL,-82.168,26.9634,8
US1FLSM0030,WINTER SPRINGS 2.3 E,FL,-81.237,28.676,57
US1FLBV0095,MERRITT ISLAND 10.6 NNW,FL,-80.7077,28.4585,28
US1FLHB0136,BRANDON 2.8 SW,FL,-82.3264,27.903,48
US1FLFL0036,PALM COAST 2.4 NE,FL,-81.1828,29.592,31
US1FLMA0028,ANNA MARIA 0.2 NNE,FL,-82.7317,27.5319,2
US1FLMT0035,STUART 8.4 S,FL,-80.2583,27.0728,17
US1FLVL0063,ORMOND-BY-THE-SEA 0.1 SSE,FL,-81.0671,29.3421,22
US1FLVL0082,ORMOND BEACH 4.1 ESE,FL,-81.0335,29.2693,28
US1FLVL0080,PORT ORANGE 2.6 N,FL,-81.0072,29.1473,9
US1FLVL0069,ORMOND-BY-THE-SEA 0.7 N,FL,-81.0689,29.3538,34
US1FLVL0077,NEW SMYRNA BEACH 3.9 W,FL,-80.984,29.0318,45
US1FLVL0084,LAKE HELEN 0.4 SW,FL,-81.2353,28.9789,71
US1FLFL0038,PALM COAST 4.1 S,FL,-81.2128,29.5123,30
US1FLMT0036,JENSEN BEACH 1.4 N,FL,-80.2351,27.256,19
US1FLHB0140,GREATER NORTHDALE 1.2 S,FL,-82.5154,28.0864,59
US1FLFL0037,PALM COAST 3.9 SSW,FL,-81.235,29.5177,33
US1FLPS0057,HUDSON 2.0 NNE,FL,-82.689,28.3848,5
US1FLLN0074,TALLAHASSEE 5.6 ESE,FL,-84.195,30.4256,71
US1FLMA0029,LAKEWOOD RANCH 3.5 E,FL,-82.3683,27.4132,39
US1FLVL0075,EDGEWATER 0.2 S,FL,-80.9048,28.9644,31
US1FLBV0085,COCOA 4.6 NW,FL,-80.8018,28.4247,28
US1FLMN0030,BIG PINE KEY 1.5 SE,FL,-81.3468,24.6751,2
US1FLSS0061,VENICE 3.8 ESE,FL,-82.3769,27.0736,21
US1FLHB0139,SUN CITY CENTER 0.9 S,FL,-82.3539,27.7087,64
US1FLVL0071,DE LEON SPRINGS 3.2 ENE,FL,-81.3004,29.1278,50
US1FLBV0087,MELBOURNE 4.6 NNW,FL,-80.677,28.1733,35
US1FLVL0083,DE LAND 3.9 SSE,FL,-81.28,28.9818,84
US1FLPB0096,BELLE GLADE 2.6 N,FL,-80.6665,26.7235,14
US1FLFL0041,PALM COAST 2.5 WSW,FL,-81.2537,29.5588,34
US1FLFL0042,PALM COAST 5.9 SSW,FL,-81.2413,29.4886,96
US1FLFL0040,PALM COAST 0.8 NNW,FL,-81.2208,29.5808,36
US1FLAL0061,GAINESVILLE 5.8 WSW,FL,-82.4246,29.6416,85
US1FLCB0019,LAKE CITY 8.7 S,FL,-82.622,30.0681,148
US1FLVL0076,OAK HILL 1.0 W,FL,-80.8465,28.8812,23
US1FLIR0047,VERO BEACH 6.0 S,FL,-80.3935,27.5591,16
US1FLFL0039,FLAGLER BEACH 2.3 SSE,FL,-81.1106,29.4418,20
US1FLVL0064,ORMOND BEACH 2.7 ENE,FL,-81.0575,29.315,36
US1FLVL0086,DE LEON SPRINGS 1.6 ESE,FL,-81.3287,29.1074,41
US1FLVL0087,PORT ORANGE 0.8 NNW,FL,-81.0104,29.1209,40
US1FLSS0063,SARASOTA 4.8 ENE,FL,-82.4746,27.3622,27
US1FLMT0039,PALM CITY 0.9 SW,FL,-80.2796,27.1514,27
US1FLPN0086,TARPON SPRINGS 2.9 NE,FL,-82.7416,28.1705,39
US1FLFL0027,PALM COAST 3.5 NW,FL,-81.2609,29.601,33
US1FLMT0037,STUART 5.9 SSE,FL,-80.1954,27.1208,15
US1FLSJ0029,SAWGRASS 0.0 E,FL,-81.3702,30.1925,29
US1FLES0048,PENSACOLA 2.4 SW,FL,-87.2223,30.4241,84
US1FLOK0041,SHALIMAR 1.2 NNW,FL,-86.5895,30.4606,16
US1FLPK0066,LAKELAND 13.6 N,FL,-81.9623,28.2383,114
US1FLLE0059,CAPE CORAL 3.9 NNW,FL,-82.0127,26.6917,7
US1FLHB0141,CARROLLWOOD 1.3 N,FL,-82.4965,28.0687,55
US1FLAL0062,MELROSE 1.7 W,FL,-82.0662,29.7091,154
US1FLMA0030,PARRISH 5.5 SE,FL,-82.3691,27.5245,27
US1FLCR0052,NAPLES 18.6 ENE,FL,-81.5318,26.2744,19
US1FLOK0042,VALPARAISO 1.4 N,FL,-86.4993,30.5139,86
US1FLDX0003,OLD TOWN 4.9 NW,FL,-83.0332,29.6579,36
US1FLPN0089,PALM HARBOR 1.9 E,FL,-82.7322,28.0828,72
US1FLMA0032,THE MEADOWS 6.2 NE,FL,-82.4001,27.4275,39
US1FLHB0143,TAMPA 3.7 SSW,FL,-82.5136,27.9135,8
US1FLHN0039,BROOKSVILLE 3.7 SE,FL,-82.3589,28.5106,213
US1FLOR0048,UNION PARK 3.5 SE,FL,-81.1934,28.5299,89
US1FLOK0043,FORT WALTON BEACH 1.7 ESE,FL,-86.5915,30.4164,10
US1FLHN0035,SPRING HILL 2.1 W,FL,-82.5957,28.4829,39
US1FLHB0138,TAMPA 2.0 SW,FL,-82.5047,27.9382,33
US1FLPB0098,ROYAL PALM BEACH 6.9 WNW,FL,-80.3282,26.7473,20
US1FLBY0019,LYNN HAVEN 0.4 E,FL,-85.6457,30.242,19
US1FLBV0100,PALM BAY 0.9 ENE,FL,-80.6472,27.9904,31
US1FLSJ0030,FRUIT COVE 1.9 N,FL,-81.6197,30.1286,13
US1FLFR0008,EASTPOINT 5.8 SSE,FL,-84.8418,29.6709,10
US1FLHY0009,LABELLE 1.5 ENE,FL,-81.416,26.7666,27
US1FLCT0028,CRYSTAL RIVER 1.6 WNW,FL,-82.6212,28.9128,10
US1FLBV0099,WEST MELBOURNE 2.5 SSW,FL,-80.6939,28.0502,24
US1FLST0031,THE VILLAGES 2.3 S,FL,-81.9979,28.8937,97
US1FLPK0067,DAVENPORT 1.9 NW,FL,-81.6238,28.1817,113
US1FLSS0059,NORTH PORT 4.2 E,FL,-82.1276,27.041,20
US1FLPK0048,LAKELAND 3.6 SSE,FL,-81.943,27.9915,118
US1FLCT0029,HOMOSASSA 6.0 SE,FL,-82.5391,28.7303,23
US1FLPN0090,PINELLAS PARK 1.7 ENE,FL,-82.6815,27.8674,12
US1FLCH0033,PORT CHARLOTTE 8.0 SW,FL,-82.1909,26.8956,3
US1FLPN0091,DUNEDIN 2.9 ESE,FL,-82.7622,28.033,46
US1FLCY0048,MIDDLEBURG 2.3 SSW,FL,-81.9164,30.0195,92
US1FLBV0102,PALM BAY 2.6 NW,FL,-80.6919,28.01,23
US1FLMA0033,THE MEADOWS 7.0 NNE,FL,-82.4137,27.4502,42
US1FLPN0087,GULFPORT 0.6 SSE,FL,-82.7053,27.7389,10
US1FLSJ0026,ST. AUGUSTINE 3.7 SE,FL,-81.2688,29.8529,34
US1FLCY0024,KEYSTONE HEIGHTS 1.8 ESE,FL,-82.0079,29.7668,117
US1FLVL0090,LAKE HELEN 0.9 S,FL,-81.2341,28.9707,57
US1FLPB0095,LAKE WORTH 0.5 ESE,FL,-80.0515,26.6179,8
US1FLHB0142,ZEPHYRHILLS 8.8 SW,FL,-82.2965,28.1648,68
US1FLMR0068,OCALA 3.2 ENE,FL,-82.0817,29.2059,84
US1FLBY0021,PANAMA CITY BEACH 5.4 SE,FL,-85.7807,30.1628,13
US1FLAL0071,HAWTHORNE 5.0 WNW,FL,-82.1658,29.6164,120
US1FLOR0049,WINTER GARDEN 1.4 SSE,FL,-81.5764,28.5428,108
US1FLCR0053,NAPLES 16.6 ENE,FL,-81.5619,26.264,25
US1FLFL0043,PALM COAST 8.3 S,FL,-81.2156,29.4504,31
